51,3.488571429,960,300
48,3.981521739,1622.5,300
39,1.752631579,677,300
35,1.85,960.5,300
29,1.189285714,1755.5,300
13,1.442125984,122.5,300
9,1.657466063,573.5,300
6,1.948404255,1859.5,300
51,3.488571429,961,299
48,3.896808511,1623.5,299
39,1.752631579,677,299
35,1.840703518,960.5,299
30,5.017808219,206,299
29,1.200983607,1750,299
13,1.447826087,121,299
9,1.657466063,573.5,299
6,1.958823529,1857,299
4,4.636708861,1075,299
51,3.488571429,961.5,298
39,1.769565217,677.5,298
35,1.813366337,962,298
30,5.017808219,206,298
29,1.212913907,1735.5,298
13,1.471084337,116.5,298
9,1.65,573.5,298
6,2.001639344,1848.5,298
4,4.636708861,1072,298
51,3.488571429,961,297
39,1.761057692,677.5,297
35,1.813366337,963,297
30,5.017808219,206,297
29,1.216943522,1734.5,297
13,1.477016129,116,297
9,1.65,573.5,297
6,2.001639344,1848,297
4,4.636708861,1072,297
51,3.488571429,960.5,296
39,1.761057692,677.5,296
35,1.813366337,961.5,296
30,5.017808219,206,296
29,1.229194631,1730,296
13,1.501229508,113.5,296
9,1.657466063,573.5,296
6,1.958823529,1848,296
4,4.522222222,1070.5,296
51,3.455660377,958.5,295
39,1.752631579,677,295
35,1.813366337,958.5,295
30,4.95,206,295
29,1.258762887,1716.5,295
13,1.54556962,107.5,295
9,1.657466063,573.5,295
6,1.868877551,1845.5,295
39,1.71971831,677.5,294
35,1.813366337,960.5,294
30,5.0875,205.5,294
29,1.285263158,1708,294
13,1.53907563,105,294
9,1.657466063,573.5,294
6,1.786829268,1842.5,294
51,3.488571429,957,293
45,2.142105263,607.5,293
39,1.736018957,678,293
35,1.8315,961.5,293
30,5.017808219,205.5,293
29,1.267474048,1695,293
13,1.519917012,101,293
9,1.657466063,573.5,293
6,1.786829268,1842,293
3,3.24159292,929,293
51,3.455660377,957.5,292
45,2.142105263,607.5,292
39,1.769565217,679,292
30,5.0875,207,292
29,1.216943522,1659.5,292
13,1.471084337,91.5,292
9,1.65,574.5,292
6,1.786829268,1841,292
3,3.24159292,930,292
51,3.455660377,958,291
45,2.154705882,607.5,291
39,1.769565217,679,291
30,5.0875,207,291
29,1.216943522,1658.5,291
13,1.471084337,91,291
9,1.65,574.5,291
6,1.786829268,1840,291
3,3.24159292,930,291
51,3.455660377,958.5,290
39,1.761057692,680,290
30,5.0875,206.5,290
29,1.212913907,1654.5,290
13,1.471084337,89,290
9,1.65,574.5,290
6,1.795588235,1837,290
3,3.24159292,930,290
45,2.193413174,609,289
39,1.752631579,679.5,289
30,5.017808219,206.5,289
29,1.216943522,1642.5,289
13,1.48902439,83.5,289
9,1.657466063,574.5,289
6,1.82238806,1830,289
3,3.270535714,930.5,289
45,2.193413174,609.5,288
39,1.711682243,680,288
30,5.017808219,206,288
29,1.212913907,1611.5,288
13,1.552118644,68.5,288
9,1.65,574,288
6,1.897927461,1809.5,288
3,3.270535714,930,288
45,2.142105263,608.5,287
39,1.680275229,680,287
30,5.017808219,206,287
29,1.212913907,1595,287
13,1.552118644,49.5,287
9,1.67260274,574.5,287
6,1.804433498,1816,287
3,3.3,933,287
45,2.167455621,609.5,286
39,1.67260274,680,286
35,1.85,962,286
30,4.95,206,286
29,1.216943522,1589,286
13,1.53907563,51,286
9,1.67260274,574.5,286
6,1.804433498,1815.5,286
3,3.3,934,286
39,1.688018433,680,285
35,1.85,961.5,285
30,4.884,206,285
29,1.229194631,1571.5,285
13,1.52625,53.5,285
9,1.665,574,285
6,1.840703518,1815,285
45,2.27515528,615.5,284
39,1.680275229,681,284
35,1.868877551,963.5,284
30,4.636708861,204.5,284
29,1.225083612,1560.5,284
13,1.53907563,51.5,284
9,1.67260274,572.5,284
6,1.8315,1814,284
48,3.213157895,1674,283
45,2.289375,614.5,283
39,1.67260274,680.5,283
35,1.85,961,283
30,4.57875,203.5,283
29,1.2375,1549.5,283
13,1.585714286,49,283
9,1.680275229,573,283
6,1.82238806,1813,283
48,3.213157895,1676.5,282
45,2.289375,613,282
39,1.665,680,282
35,1.840703518,958.5,282
30,4.57875,203.5,282
29,1.250170648,1542.5,282
13,1.585714286,47.5,282
9,1.680275229,574,282
6,1.804433498,1812,282
48,3.24159292,1677.5,281
45,2.289375,611.5,281
39,1.665,680.5,281
35,1.8315,958.5,281
30,4.57875,203.5,281
29,1.254452055,1538,281
13,1.585714286,47,281
9,1.680275229,574,281
6,1.804433498,1811.5,281
3,3.24159292,939.5,281
45,2.289375,607.5,280
39,1.665,680,280
35,1.840703518,959.5,280
30,4.636708861,203,280
29,1.258762887,1526.5,280
13,1.585714286,46,280
9,1.688018433,573,280
6,1.786829268,1810,280
3,3.24159292,940.5,280
45,2.289375,607.5,279
39,1.665,681,279
35,1.859390863,957,279
30,4.57875,203.5,279
29,1.29893617,1515.5,279
13,1.62079646,44.5,279
9,1.695833333,572,279
6,1.77815534,1809.5,279
3,3.078151261,941,279
45,2.27515528,607,278
39,1.67260274,681.5,278
35,1.85,956.5,278
30,4.57875,202.5,278
29,1.303558719,1515,278
13,1.635267857,44.5,278
9,1.695833333,572,278
6,1.786829268,1809,278
3,3.104237288,940.5,278
45,2.27515528,606,277
39,1.665,680.5,277
30,4.522222222,202.5,277
29,1.312903226,1514.5,277
13,1.628,44,277
9,1.70372093,572.5,277
6,1.786829268,1809,277
3,3.130769231,940.5,277
45,2.247239264,605.5,276
39,1.665,680.5,276
30,4.522222222,202.5,276
29,1.341758242,1512.5,276
13,1.62079646,42.5,276
9,1.711682243,573,276
6,1.795588235,1808,276
3,3.185217391,941,276
45,2.22,604.5,275
39,1.65,679,275
30,4.413253012,202,275
29,1.425291829,1506.5,275
13,1.57887931,38.5,275
9,1.736018957,573.5,275
6,1.82238806,1806.5,275
3,3.3,942,275
39,1.599563319,678,274
30,4.309411765,202,274
29,1.453571429,1502,274
13,1.54556962,36.5,274
9,1.752631579,573.5,274
6,1.859390863,1807,274
3,3.3,944,274
45,2.193413174,610,273
39,1.585714286,678.5,273
30,4.309411765,202,273
29,1.45936255,1501.5,273
13,1.53907563,35,273
9,1.752631579,572,273
6,1.868877551,1807,273
3,3.3,948,273
45,2.193413174,610.5,272
39,1.54556962,678,272
30,4.1625,202.5,272
29,1.471084337,1500,272
13,1.52625,30.5,272
9,1.786829268,568.5,272
6,1.9078125,1806.5,272
45,2.193413174,610.5,271
39,1.558723404,678,271
30,4.1625,202,271
29,1.482995951,1499.5,271
13,1.53907563,29.5,271
9,1.786829268,568,271
6,1.9078125,1806.5,271
3,3.360550459,972.5,271
39,1.565384615,677.5,270
30,4.1625,202.5,270
29,1.513636364,1498.5,270
13,1.54556962,27,270
9,1.77815534,567.5,270
6,1.897927461,1806,270
3,3.360550459,972.5,270
39,1.57887931,678.5,269
30,4.1625,203,269
29,1.52625,1497.5,269
13,1.552118644,25.5,269
9,1.77815534,566.5,269
6,1.897927461,1805.5,269
3,3.360550459,973,269
48,3.55631068,1715,268
45,2.08125,610.5,268
39,1.665,678,268
35,1.82238806,955.5,268
30,4.1625,202.5,268
29,1.519917012,1498,268
13,1.565384615,25,268
9,1.744285714,565,268
6,1.859390863,1805.5,268
3,3.391666667,974,268
48,3.591176471,1715,267
45,2.08125,611.5,267
39,1.657466063,678.5,267
35,1.82238806,956.5,267
30,4.1625,202.5,267
29,1.477016129,1496.5,267
13,1.572103004,24,267
9,1.736018957,563.5,267
6,1.813366337,1806,267
3,3.360550459,974.5,267
48,3.591176471,1715,266
45,2.093142857,611,266
39,1.657466063,678.5,266
35,1.82238806,956.5,266
30,4.1625,202.5,266
29,1.477016129,1496,266
13,1.57887931,24,266
9,1.71971831,563.5,266
6,1.813366337,1806,266
3,3.360550459,974.5,266
48,3.626732673,1715,265
45,2.129651163,611.5,265
39,1.67260274,678.5,265
35,1.8315,956.5,265
30,4.210344828,202.5,265
29,1.48902439,1496,265
13,1.585714286,24,265
9,1.71971831,563,265
6,1.813366337,1806.5,265
3,3.3,974.5,265
45,2.154705882,612.5,264
39,1.680275229,678.5,264
35,1.8315,956.5,264
33,1.52625,1877.5,264
30,4.210344828,202.5,264
29,1.513636364,1493.5,264
13,1.606578947,24,264
9,1.711682243,563,264
6,1.813366337,1806.5,264
3,3.3,974,264
45,2.333121019,615,263
39,1.70372093,678.5,263
33,1.52625,1877,263
30,4.360714286,202,263
29,1.57887931,1486.5,263
13,1.736018957,24.5,263
9,1.711682243,562.5,263
6,1.804433498,1807,263
3,3.3,972.5,263
45,2.261111111,617.5,262
39,1.70372093,678.5,262
33,1.52625,1876,262
30,4.360714286,201,262
29,1.635267857,1478.5,262
13,1.71971831,24,262
9,1.736018957,562.5,262
6,1.804433498,1807,262
3,3.33,973,262
45,2.22,617.5,261
39,1.688018433,680,261
33,1.52625,1876,261
30,4.360714286,200.5,261
29,1.657466063,1475,261
13,1.57887931,22.5,261
9,1.752631579,562.5,261
6,1.804433498,1807,261
3,3.3,973,261
45,2.22,617.5,260
39,1.695833333,679.5,260
33,1.519917012,1875.5,260
30,4.360714286,200.5,260
29,1.665,1474.5,260
13,1.592608696,23,260
9,1.761057692,562.5,260
6,1.813366337,1807.5,260
3,3.3,973,260
45,2.27515528,617.5,259
39,1.695833333,679.5,259
33,1.519917012,1875.5,259
30,4.360714286,201,259
29,1.67260274,1473.5,259
13,1.62079646,23,259
9,1.769565217,562.5,259
6,1.813366337,1807.5,259
3,3.270535714,973,259
45,2.261111111,617,258
39,1.695833333,678,258
33,1.513636364,1874,258
30,4.309411765,200.5,258
29,1.695833333,1472,258
25,3.360550459,1736.5,258
13,1.680275229,24,258
9,1.769565217,563,258
6,1.813366337,1807,258
3,3.270535714,973,258
45,2.206626506,615.5,257
39,1.680275229,677.5,257
33,1.513636364,1874,257
30,4.259302326,200.5,257
29,1.727830189,1469.5,257
25,3.360550459,1728.5,257
13,1.635267857,25,257
9,1.77815534,562,257
6,1.813366337,1806,257
3,3.270535714,973.5,257
45,2.27515528,615,256
39,1.70372093,678,256
30,4.259302326,200.5,256
29,1.711682243,1467.5,256
25,3.488571429,1726,256
13,1.628,25,256
9,1.8315,561,256
6,1.82238806,1803,256
3,3.213157895,973.5,256
45,2.247239264,615,255
39,1.70372093,677.5,255
30,4.259302326,200,255
29,1.711682243,1467.5,255
13,1.62079646,25,255
9,1.813366337,561.5,255
6,1.82238806,1802.5,255
3,3.213157895,973.5,255
45,2.206626506,615.5,254
39,1.711682243,677.5,254
30,4.309411765,200,254
29,1.71971831,1466.5,254
13,1.613656388,24.5,254
9,1.786829268,561,254
6,1.82238806,1803.5,254
3,3.270535714,973.5,254
45,2.105172414,616.5,253
39,1.71971831,677.5,253
35,1.813366337,960,253
30,4.259302326,199,253
29,1.71971831,1463,253
9,1.736018957,560.5,253
6,1.804433498,1805.5,253
3,3.3,973,253
45,2.093142857,620.5,252
39,1.727830189,677.5,252
35,1.813366337,960.5,252
30,4.210344828,199,252
29,1.736018957,1453.5,252
9,1.761057692,561,252
6,1.804433498,1804.5,252
3,3.3,972,252
45,2.105172414,620.5,251
39,1.727830189,677,251
35,1.786829268,961,251
30,4.1625,198,251
29,1.727830189,1451.5,251
13,1.53907563,21.5,251
9,1.878461538,560.5,251
6,1.82238806,1804.5,251
3,3.3,972,251
39,1.71971831,676.5,250
35,1.795588235,962,250
30,4.115730337,198,250
29,1.736018957,1450.5,250
13,1.53907563,21.5,250
9,1.897927461,560,250
6,1.82238806,1804.5,250
3,3.3,972,250
39,1.71971831,677.5,249
35,1.795588235,962,249
33,1.519917012,1873.5,249
30,3.981521739,197,249
29,1.769565217,1448,249
13,1.532635983,22,249
9,2.046368715,559.5,249
6,1.8315,1803.5,249
4,2.954032258,929,249
3,3.3,972.5,249
39,1.70372093,677,248
33,1.519917012,1873.5,248
30,3.896808511,196,248
29,1.786829268,1447.5,248
13,1.532635983,21.5,248
9,1.859390863,560,248
6,1.8315,1804.5,248
4,2.954032258,929,248
3,3.3,972.5,248
39,1.711682243,676,247
33,1.52625,1874,247
30,3.896808511,195,247
29,1.804433498,1447.5,247
13,1.53907563,22,247
9,2.046368715,559,247
6,1.8315,1804,247
4,2.954032258,930,247
3,3.360550459,972.5,247
39,1.711682243,677,246
33,1.52625,1874,246
30,3.938709677,195.5,246
29,1.813366337,1448,246
13,1.54556962,21.5,246
9,2.023756906,558.5,246
6,1.8315,1804.5,246
4,2.97804878,929.5,246
3,3.360550459,972.5,246
39,1.70372093,677.5,245
33,1.52625,1874,245
30,3.938709677,196,245
29,1.804433498,1449,245
13,1.552118644,21.5,245
9,1.948404255,558.5,245
6,1.8315,1804.5,245
4,2.97804878,930,245
3,3.33,972.5,245
39,1.695833333,678,244
33,1.52625,1873.5,244
30,3.938709677,195.5,244
29,1.813366337,1451.5,244
13,1.552118644,22,244
9,1.868877551,557.5,244
6,1.8315,1804,244
4,2.954032258,930.5,244
3,3.33,972.5,244
39,1.70372093,678.5,243
33,1.519917012,1873,243
30,3.938709677,195,243
29,1.88814433,1451.5,243
13,1.507407407,22.5,243
9,1.761057692,556.5,243
6,1.82238806,1803.5,243
4,2.954032258,930.5,243
3,3.3,972,243
39,1.695833333,679.5,242
33,1.519917012,1873,242
30,3.938709677,194.5,242
29,1.948404255,1450,242
21,2.713333333,551,242
13,1.519917012,22.5,242
9,1.761057692,556,242
6,1.82238806,1803.5,242
4,2.954032258,931.5,242
3,3.3,971.5,242
39,1.688018433,679,241
33,1.52625,1873,241
30,3.938709677,193.5,241
29,2.093142857,1448,241
21,2.713333333,559.5,241
13,1.52625,23,241
9,1.840703518,556.5,241
6,1.8315,1803,241
4,2.97804878,931.5,241
3,3.33,972,241
39,1.67260274,678.5,240
33,1.52625,1873,240
30,3.938709677,193,240
29,2.057865169,1447.5,240
13,1.48902439,23,240
9,1.8315,555.5,240
6,1.85,1801.5,240
4,2.97804878,931.5,240
3,3.270535714,972.5,240
39,1.628,677.5,239
33,1.532635983,1873,239
30,3.938709677,192,239
29,2.069491525,1446.5,239
13,1.519917012,23,239
9,1.736018957,554.5,239
6,1.85,1799,239
4,2.97804878,930,239
3,3.270535714,972.5,239
39,1.599563319,677,238
30,3.896808511,191,238
29,2.142105263,1447,238
13,1.471084337,23.5,238
9,1.761057692,555,238
6,1.8315,1798,238
4,2.954032258,931,238
3,3.270535714,974,238
39,1.565384615,677,237
30,3.896808511,190,237
29,2.154705882,1445.5,237
13,1.482995951,24,237
9,1.786829268,554,237
6,1.8315,1799,237
4,2.954032258,931,237
3,3.24159292,974,237
39,1.552118644,676.5,236
33,1.532635983,1872.5,236
30,3.855789474,190,236
29,2.22,1444.5,236
13,1.507407407,24.5,236
9,1.769565217,553.5,236
6,1.840703518,1798,236
4,2.907142857,931.5,236
3,3.24159292,973,236
39,1.54556962,676,235
33,1.52625,1872.5,235
30,3.855789474,190,235
29,2.261111111,1443,235
13,1.507407407,25,235
9,1.70372093,551,235
6,1.859390863,1797,235
4,2.907142857,931.5,235
3,3.270535714,973,235
39,1.558723404,677,234
33,1.52625,1872,234
30,3.737755102,189.5,234
29,2.394117647,1440.5,234
9,1.70372093,549,234
6,1.878461538,1796.5,234
4,2.907142857,932,234
39,1.585714286,677.5,233
33,1.507407407,1872.5,233
30,3.737755102,188.5,233
29,2.425827815,1440.5,233
13,1.513636364,25.5,233
9,1.70372093,548.5,233
6,1.938095238,1796,233
4,2.907142857,931.5,233
39,1.572103004,678,232
33,1.501229508,1872.5,232
30,3.7,188.5,232
29,2.442,1440,232
13,1.532635983,25,232
9,1.711682243,548,232
6,1.927894737,1796.5,232
4,2.9304,931.5,232
39,1.552118644,679,231
33,1.48902439,1873,231
30,3.626732673,188,231
29,2.475,1439,231
13,1.532635983,25,231
9,1.736018957,545.5,231
6,1.868877551,1797.5,231
4,2.9304,931.5,231
39,1.558723404,678,230
33,1.495102041,1873,230
30,3.626732673,187.5,230
29,2.475,1437,230
13,1.532635983,25,230
9,1.736018957,546,230
6,1.859390863,1798,230
4,2.954032258,931,230
39,1.57887931,678,229
33,1.495102041,1873.5,229
30,3.55631068,186,229
29,2.458389262,1433,229
13,1.53907563,24.5,229
9,1.727830189,547,229
6,1.840703518,1798.5,229
4,2.954032258,930,229
39,1.57887931,678,228
33,1.495102041,1873.5,228
30,3.626732673,185.5,228
29,2.526206897,1431.5,228
13,1.54556962,24.5,228
9,1.71971831,545.5,228
6,1.840703518,1798.5,228
4,2.954032258,930.5,228
3,3.213157895,975,228
39,1.57887931,679,227
33,1.48902439,1873,227
30,3.522115385,186,227
29,2.673722628,1429,227
9,1.71971831,542,227
6,1.82238806,1799,227
4,2.9304,931,227
3,3.213157895,975,227
39,1.572103004,679,226
35,1.77815534,960,226
33,1.482995951,1873,226
30,3.522115385,185.5,226
29,2.673722628,1426.5,226
9,1.71971831,542,226
6,1.85,1797.5,226
4,2.97804878,931,226
3,3.213157895,974.5,226
39,1.572103004,678,225
35,1.77815534,959.5,225
33,1.477016129,1874.5,225
30,3.626732673,185,225
29,2.693382353,1420.5,225
9,1.71971831,542,225
6,1.927894737,1793.5,225
3,3.213157895,974,225
39,1.599563319,676.5,224
35,1.769565217,959.5,224
33,1.482995951,1874.5,224
30,3.591176471,184.5,224
29,2.654347826,1419,224
9,1.711682243,542,224
6,1.9078125,1791.5,224
3,3.185217391,973.5,224
39,1.695833333,673.5,223
35,1.761057692,959,223
33,1.501229508,1875,223
30,3.591176471,184,223
29,2.579577465,1415,223
9,1.711682243,542,223
6,1.897927461,1788.5,223
3,3.213157895,973,223
39,1.665,673.5,222
35,1.761057692,959.5,222
33,1.519917012,1875,222
30,3.591176471,183.5,222
29,2.579577465,1414,222
9,1.711682243,542.5,222
6,1.897927461,1787.5,222
3,3.213157895,973,222
39,1.565384615,674,221
35,1.761057692,961.5,221
33,1.558723404,1874.5,221
30,3.55631068,181,221
29,2.579577465,1410.5,221
9,1.727830189,543.5,221
6,1.938095238,1784.5,221
3,3.24159292,972.5,221
39,1.565384615,674,220
35,1.752631579,961.5,220
33,1.552118644,1874.5,220
30,3.55631068,181,220
29,2.579577465,1409.5,220
25,3.663,1454.5,220
21,3.027272727,736.5,220
9,1.71971831,543.5,220
6,1.917801047,1783,220
3,3.24159292,973,220
39,1.57887931,674,219
35,1.769565217,962,219
33,1.52625,1875,219
30,3.55631068,180.5,219
29,2.59787234,1409,219
25,3.591176471,1455,219
21,3.027272727,740,219
9,1.71971831,543.5,219
6,1.927894737,1779,219
3,3.270535714,973,219
39,1.62079646,674.5,218
35,1.769565217,962.5,218
33,1.52625,1874.5,218
30,3.522115385,180.5,218
29,2.635251799,1408,218
25,3.55631068,1456,218
21,3.002459016,741.5,218
9,1.711682243,543.5,218
6,1.948404255,1778.5,218
3,3.270535714,973,218
39,1.71971831,676,217
35,1.795588235,962.5,217
33,1.532635983,1873.5,217
30,3.455660377,180,217
29,2.673722628,1407,217
25,3.455660377,1457.5,217
21,2.954032258,744,217
9,1.67260274,544,217
6,2.046368715,1777,217
3,3.24159292,972.5,217
39,1.695833333,676.5,216
35,1.786829268,962.5,216
33,1.532635983,1873,216
30,3.455660377,179.5,216
29,2.693382353,1406.5,216
25,3.455660377,1458,216
21,2.954032258,745.5,216
9,1.67260274,544,216
6,2.035,1777,216
4,3.455660377,904,216
3,3.24159292,973,216
39,1.628,676.5,215
35,1.77815534,963,215
33,1.53907563,1872.5,215
30,3.455660377,178,215
29,2.713333333,1406,215
25,3.522115385,1459.5,215
21,2.9304,748,215
9,1.680275229,543.5,215
6,2.001639344,1776.5,215
4,3.455660377,904,215
3,3.24159292,973.5,215
39,1.606578947,677,214
35,1.769565217,962,214
33,1.532635983,1873.5,214
30,3.455660377,177.5,214
29,2.754135338,1404.5,214
21,2.884251969,753,214
9,1.680275229,543.5,214
6,2.023756906,1776,214
4,3.455660377,904.5,214
3,3.24159292,973.5,214
39,1.599563319,677,213
35,1.752631579,962.5,213
33,1.53907563,1874.5,213
30,3.455660377,176.5,213
29,2.73358209,1403.5,213
21,2.86171875,760.5,213
9,1.67260274,543,213
6,2.057865169,1772.5,213
4,3.488571429,905,213
3,3.33,974,213
39,1.599563319,676.5,212
35,1.744285714,962.5,212
33,1.54556962,1874,212
30,3.423364486,175.5,212
29,2.817692308,1403.5,212
21,2.86171875,764,212
9,1.67260274,543,212
6,2.023756906,1771,212
4,3.522115385,904,212
3,3.33,974,212
39,1.599563319,674.5,211
33,1.565384615,1871.5,211
30,3.455660377,173,211
29,3.078151261,1403.5,211
21,2.817692308,772,211
9,1.665,543,211
6,1.927894737,1765.5,211
3,3.423364486,973.5,211
39,1.592608696,674,210
33,1.558723404,1871,210
30,3.391666667,173,210
29,3.104237288,1403.5,210
25,3.157758621,1465,210
21,2.86171875,773,210
9,1.67260274,543.5,210
6,1.9078125,1762,210
3,3.423364486,973.5,210
39,1.592608696,673,209
33,1.519917012,1868.5,209
30,3.33,171.5,209
29,3.185217391,1402,209
25,3.104237288,1465.5,209
21,3.027272727,776,209
9,1.695833333,544,209
6,1.868877551,1752,209
3,3.423364486,972.5,209
39,1.592608696,672.5,208
33,1.507407407,1867,208
30,3.33,171,208
29,3.213157895,1401,208
25,3.104237288,1466,208
21,3.027272727,777,208
9,1.695833333,543.5,208
6,1.88814433,1750,208
3,3.423364486,972.5,208
39,1.585714286,671.5,207
33,1.482995951,1864,207
30,3.360550459,170,207
29,3.270535714,1398.5,207
25,3.078151261,1467,207
21,3.027272727,781,207
9,1.71971831,543,207
6,1.927894737,1744,207
39,1.585714286,671,206
33,1.477016129,1863.5,206
30,3.33,170,206
29,3.270535714,1397.5,206
25,3.078151261,1467,206
21,2.97804878,783,206
9,1.711682243,543,206
6,1.927894737,1742.5,206
3,3.488571429,973,206
39,1.592608696,669,205
33,1.447826087,1863,205
30,3.270535714,169,205
29,3.391666667,1394.5,205
25,3.027272727,1468.5,205
21,2.839534884,789,205
9,1.688018433,543,205
6,1.938095238,1736.5,205
3,3.455660377,973,205
39,1.592608696,666,204
33,1.436470588,1859.5,204
30,3.24159292,167.5,204
29,3.488571429,1392.5,204
25,2.97804878,1469,204
21,2.73358209,794.5,204
9,1.695833333,542.5,204
6,1.927894737,1728.5,204
3,3.455660377,973,204
39,1.585714286,666,203
35,1.711682243,959,203
33,1.425291829,1857.5,203
30,3.213157895,166.5,203
29,3.455660377,1391,203
25,2.907142857,1470.5,203
21,2.673722628,799,203
9,1.711682243,543,203
6,1.938095238,1726,203
3,3.488571429,973,203
39,1.565384615,667.5,202
35,1.711682243,958.5,202
33,1.382264151,1851.5,202
30,3.185217391,164,202
29,3.3,1386.5,202
25,2.73358209,1473,202
21,2.491836735,811,202
9,1.761057692,544.5,202
6,1.958823529,1718.5,202
3,3.488571429,971.5,202
39,1.565384615,668,201
35,1.711682243,958.5,201
33,1.382264151,1852,201
30,3.185217391,164.5,201
29,3.3,1386.5,201
25,2.654347826,1473,201
21,2.50890411,811.5,201
9,1.769565217,544,201
6,1.958823529,1718.5,201
4,3.522115385,902,201
3,3.488571429,971.5,201
39,1.558723404,668,200
35,1.71971831,957,200
33,1.3875,1852,200
30,3.157758621,164.5,200
29,3.33,1386,200
25,2.54375,1473.5,200
21,2.50890411,812.5,200
9,1.769565217,544,200
6,1.969354839,1717.5,200
4,3.488571429,902,200
3,3.423364486,971.5,200
39,1.565384615,668.5,199
35,1.736018957,955,199
33,1.398091603,1851,199
30,3.104237288,163.5,199
29,3.360550459,1384,199
25,2.50890411,1473.5,199
21,2.491836735,816.5,199
9,1.77815534,545,199
6,1.969354839,1714,199
3,3.423364486,970.5,199
2,8.518604651,1476,199
39,1.572103004,670,198
35,1.77815534,949.5,198
33,1.425291829,1849.5,198
30,2.907142857,161,198
29,3.423364486,1380,198
25,2.491836735,1475,198
21,2.458389262,827.5,198
9,1.813366337,548.5,198
6,1.98,1704.5,198
3,3.360550459,970.5,198
2,8.325,1477.5,198
39,1.592608696,672.5,197
35,1.769565217,951,197
33,1.408846154,1845.5,197
30,2.839534884,159.5,197
29,3.663,1376.5,197
25,2.491836735,1475.5,197
21,2.425827815,831,197
9,1.8315,551,197
6,1.99076087,1700,197
3,3.360550459,971.5,197
2,7.793617021,1478,197
39,1.599563319,676.5,196
35,1.769565217,950.5,196
33,1.408846154,1842,196
30,2.817692308,159.5,196
29,3.626732673,1375.5,196
25,2.491836735,1476,196
21,2.425827815,833.5,196
9,1.82238806,552,196
6,2.001639344,1697,196
4,3.455660377,901,196
3,3.360550459,971.5,196
2,7.793617021,1478.5,196
39,1.635267857,687,195
35,1.744285714,948,195
33,1.419767442,1835.5,195
30,2.775,159,195
29,3.591176471,1373,195
25,2.458389262,1478.5,195
21,2.475,841.5,195
9,1.752631579,555,195
6,2.057865169,1688.5,195
4,3.423364486,901.5,195
3,3.391666667,971.5,195
2,7.63125,1479.5,195
39,1.665,703,194
35,1.695833333,950.5,194
33,1.436470588,1830.5,194
30,2.775,157.5,194
29,3.626732673,1371.5,194
25,2.54375,1481,194
21,2.425827815,849,194
9,1.769565217,558,194
6,2.001639344,1678.5,194
3,3.455660377,971.5,194
39,1.628,703,193
33,1.366791045,1816,193
30,2.775,157,193
29,3.663,1370.5,193
25,2.54375,1484,193
21,2.458389262,858.5,193
9,1.840703518,562,193
6,1.98,1674,193
2,6.783333333,1481.5,193
39,1.599563319,693,192
33,1.366791045,1814,192
30,2.839534884,157,192
29,3.7,1369.5,192
25,2.54375,1484,192
21,2.561538462,863,192
9,1.752631579,562.5,192
6,2.046368715,1670.5,192
2,6.783333333,1482.5,192
39,1.599563319,692.5,191
35,1.70372093,948.5,191
33,1.377067669,1812,191
30,2.839534884,156,191
29,3.7,1369.5,191
25,2.526206897,1484,191
21,2.579577465,865,191
9,1.744285714,562.5,191
6,2.069491525,1670,191
2,6.66,1482.5,191
39,1.613656388,696,190
35,1.70372093,949,190
33,1.414285714,1809.5,190
30,2.817692308,156,190
29,3.663,1368.5,190
25,2.425827815,1484.5,190
21,2.635251799,870.5,190
9,1.711682243,562.5,190
6,2.129651163,1667.5,190
39,1.628,696.5,189
35,1.71971831,949,189
33,1.453571429,1806,189
30,2.754135338,154.5,189
29,3.663,1368,189
25,2.348076923,1486,189
21,2.796183206,879.5,189
9,1.70372093,563.5,189
6,2.105172414,1666,189
39,1.628,698,188
35,1.71971831,950,188
33,1.453571429,1806,188
30,2.754135338,154.5,188
29,3.663,1368,188
25,2.363225806,1486.5,188
21,2.775,880,188
9,1.70372093,564.5,188
6,2.105172414,1665.5,188
39,1.642600897,702,187
35,1.727830189,949.5,187
33,1.442125984,1805.5,187
30,2.754135338,154.5,187
29,3.737755102,1368.5,187
25,2.378571429,1487,187
21,2.754135338,880.5,187
9,1.688018433,563.5,187
6,2.11734104,1665.5,187
39,1.657466063,703.5,186
35,1.727830189,951,186
33,1.447826087,1803.5,186
30,2.754135338,153.5,186
29,3.815625,1367.5,186
25,2.425827815,1487,186
21,2.693382353,882,186
9,1.688018433,563.5,186
6,2.167455621,1663.5,186
2,6.105,1487.5,186
39,1.695833333,708.5,185
35,1.736018957,953.5,185
33,1.45936255,1800,185
30,2.754135338,152,185
29,4.07,1366.5,185
25,2.526206897,1488.5,185
21,2.526206897,887.5,185
9,1.695833333,563.5,185
6,2.247239264,1658,185
2,6.004918033,1488.5,185
39,1.736018957,711.5,184
35,1.736018957,954,184
33,1.425291829,1796,184
30,2.693382353,148,184
29,4.07,1365.5,184
25,2.105172414,1490.5,184
21,2.50890411,890.5,184
9,1.688018433,565,184
6,2.261111111,1656,184
2,5.7234375,1493,184
39,1.736018957,712,183
35,1.71971831,953.5,183
33,1.419767442,1793.5,183
30,2.693382353,147,183
29,4.115730337,1365,183
25,2.093142857,1491,183
21,2.50890411,892.5,183
16,1.8315,669.5,183
9,1.695833333,565,183
6,2.261111111,1654.5,183
2,5.55,1493,183
39,1.786829268,714,182
35,1.71971831,953.5,182
33,1.414285714,1787,182
30,2.635251799,144,182
29,4.1625,1363.5,182
25,2.057865169,1492.5,182
21,2.475,898,182
16,1.82238806,669.5,182
9,1.71971831,566.5,182
6,2.247239264,1651,182
2,5.308695652,1493.5,182
39,1.813366337,713,181
35,1.70372093,952.5,181
33,1.442125984,1780.5,181
30,2.59787234,142.5,181
29,4.259302326,1362.5,181
25,2.105172414,1493,181
21,2.475,902.5,181
16,1.868877551,669.5,181
9,1.736018957,569.5,181
6,2.261111111,1646.5,181
2,5.386764706,1494,181
39,1.727830189,710,180
35,1.688018433,953,180
33,1.453571429,1780,180
30,2.526206897,140.5,180
29,4.07,1360,180
25,2.069491525,1493,180
21,2.409868421,907.5,180
16,1.8315,668.5,180
9,1.752631579,571,180
6,2.27515528,1646,180
2,5.55,1494,180
39,1.744285714,708.5,179
35,1.695833333,953.5,179
33,1.477016129,1781,179
30,2.54375,139.5,179
29,4.115730337,1358.5,179
25,2.046368715,1494.5,179
21,2.22,912.5,179
16,1.840703518,669,179
9,1.813366337,571.5,179
6,2.247239264,1644,179
2,5.635384615,1493.5,179
39,1.680275229,702.5,178
35,1.695833333,953,178
33,1.519917012,1776,178
30,2.526206897,138.5,178
29,4.1625,1358,178
25,2.012637363,1495,178
21,2.167455621,917.5,178
9,1.71971831,572.5,178
6,2.289375,1642.5,178
2,5.55,1493.5,178
39,1.642600897,693,177
35,1.688018433,950,177
33,1.558723404,1769,177
30,2.50890411,139,177
29,4.1625,1357.5,177
25,2.012637363,1496,177
21,2.206626506,922.5,177
9,1.736018957,572.5,177
6,2.303773585,1640,177
2,5.55,1493.5,177
39,1.635267857,692,176
35,1.680275229,949.5,176
33,1.552118644,1767,176
30,2.50890411,138.5,176
29,4.1625,1358,176
25,1.99076087,1496.5,176
21,2.206626506,924.5,176
16,1.736018957,671,176
9,1.744285714,572.5,176
6,2.303773585,1638.5,176
2,5.814285714,1497,176
39,1.62079646,694.5,175
35,1.665,949.5,175
33,1.52625,1762.5,175
30,2.50890411,137.5,175
29,4.115730337,1357.5,175
25,1.948404255,1497.5,175
21,2.206626506,930,175
16,1.727830189,671,175
9,1.744285714,572.5,175
6,2.289375,1635.5,175
2,6.426315789,1507,175
39,1.57887931,678.5,174
35,1.65,948,174
33,1.599563319,1757.5,174
30,2.475,135.5,174
29,4.259302326,1356.5,174
25,1.88814433,1499.5,174
21,2.012637363,934,174
13,4.025274725,13,174
9,1.786829268,571,174
6,2.233536585,1631,174
2,5.908064516,1507.5,174
39,1.558723404,675,173
35,1.657466063,951.5,173
33,1.67260274,1749,173
30,2.458389262,134.5,173
29,4.210344828,1356,173
25,1.8315,1499,173
21,1.99076087,936.5,173
13,4.025274725,14,173
9,1.859390863,570.5,173
6,2.233536585,1627.5,173
2,5.635384615,1509.5,173
39,1.572103004,678,172
35,1.635267857,952,172
33,1.67260274,1747,172
30,2.475,132.5,172
29,4.1625,1355,172
25,1.795588235,1501,172
21,2.046368715,940,172
13,4.025274725,13.5,172
9,1.88814433,570,172
6,2.206626506,1625.5,172
2,5.635384615,1511,172
40,5.55,641,171
39,1.572103004,682,171
35,1.65,952,171
33,1.665,1743.5,171
30,2.458389262,131.5,171
29,4.259302326,1354.5,171
25,1.769565217,1501,171
21,2.11734104,941.5,171
16,1.628,666.5,171
13,4.07,14,171
9,1.868877551,570,171
6,2.22,1623,171
2,5.55,1511,171
40,5.55,642.5,170
39,1.606578947,693.5,170
35,1.688018433,953,170
33,1.65,1734.5,170
30,2.425827815,129.5,170
29,4.360714286,1352.5,170
25,1.695833333,1501,170
21,2.333121019,946,170
16,1.628,667.5,170
13,4.1625,15.5,170
9,1.8315,570,170
6,2.27515528,1615.5,170
4,2.9304,906.5,170
2,5.232857143,1509.5,170
40,5.467164179,646,169
39,1.57887931,682,169
35,1.665,951.5,169
33,1.665,1729.5,169
30,2.409868421,128.5,169
29,4.413253012,1352.5,169
25,1.657466063,1501,169
21,2.233536585,953,169
13,4.07,15.5,169
9,1.878461538,569,169
6,2.31835443,1611.5,169
4,2.907142857,906.5,169
2,5.0875,1511,169
40,5.467164179,648.5,168
39,1.599563319,694.5,168
35,1.65,952,168
33,1.657466063,1730,168
30,2.394117647,129,168
29,4.413253012,1352.5,168
25,1.642600897,1501.5,168
21,2.31835443,953.5,168
13,4.1625,16.5,168
9,1.878461538,570,168
6,2.54375,1602.5,168
4,2.796183206,906,168
2,5.232857143,1512.5,168
40,5.467164179,648.5,167
39,1.599563319,697,167
35,1.65,951.5,167
33,1.657466063,1730.5,167
30,2.394117647,129,167
29,4.413253012,1352.5,167
25,1.642600897,1501,167
21,2.31835443,953.5,167
13,4.1625,16.5,167
9,1.878461538,570,167
6,2.54375,1602,167
4,2.796183206,905.5,167
2,5.232857143,1514,167
39,1.599563319,696,166
35,1.635267857,951.5,166
33,1.657466063,1729,166
30,2.394117647,129,166
29,4.413253012,1352.5,166
25,1.65,1501.5,166
21,2.303773585,954.5,166
13,4.1625,17,166
9,1.878461538,569.5,166
6,2.526206897,1602,166
4,2.817692308,906,166
2,5.232857143,1514,166
39,1.599563319,696,165
35,1.635267857,951.5,165
33,1.635267857,1726.5,165
30,2.348076923,128.5,165
29,4.413253012,1352.5,165
25,1.635267857,1501.5,165
21,2.31835443,957,165
13,4.1625,17,165
9,1.878461538,570,165
6,2.50890411,1601.5,165
4,2.839534884,905.5,165
2,5.15915493,1514.5,165
39,1.599563319,697.5,164
33,1.57887931,1719,164
30,2.27515528,126,164
29,4.467073171,1351.5,164
25,1.599563319,1504,164
21,2.348076923,965,164
16,1.67260274,664.5,164
13,4.210344828,18,164
9,1.88814433,570,164
6,2.458389262,1601.5,164
4,2.9304,905.5,164
2,4.757142857,1517,164
39,1.635267857,703,163
33,1.572103004,1715.5,163
30,2.247239264,124,163
29,4.467073171,1351.5,163
25,1.606578947,1505,163
21,2.233536585,971.5,163
16,1.665,665.5,163
13,4.210344828,19,163
9,1.878461538,569.5,163
6,2.526206897,1595,163
4,2.907142857,906.5,163
2,4.696153846,1515.5,163
39,1.65,707,162
33,1.57887931,1715.5,162
30,2.22,123,162
29,4.360714286,1351.5,162
25,1.628,1506.5,162
21,2.023756906,981.5,162
16,1.665,666,162
13,4.210344828,20,162
9,1.859390863,569,162
6,2.491836735,1593,162
4,2.86171875,907,162
2,4.467073171,1515,162
33,1.565384615,1713.5,161
30,2.206626506,123,161
29,4.413253012,1351.5,161
25,1.628,1507,161
21,2.023756906,983.5,161
16,1.665,668,161
13,4.259302326,20,161
9,1.85,569.5,161
6,2.491836735,1593.5,161
4,2.86171875,907,161
2,4.413253012,1516,161
33,1.558723404,1708,160
30,2.180357143,122,160
29,4.413253012,1351.5,160
25,1.65,1508.5,160
21,2.046368715,989.5,160
16,1.635267857,673,160
13,4.259302326,20.5,160
9,1.859390863,570,160
6,2.458389262,1593,160
4,2.817692308,906.5,160
2,4.467073171,1517,160
33,1.52625,1693.5,159
30,2.11734104,119,159
29,4.522222222,1351.5,159
25,1.695833333,1512,159
21,2.093142857,1004.5,159
16,1.558723404,686,159
13,4.360714286,24,159
9,1.859390863,572.5,159
4,2.693382353,904.5,159
2,4.413253012,1523,159
35,1.642600897,952,158
33,1.52625,1691.5,158
30,2.129651163,118.5,158
29,4.57875,1351.5,158
25,1.665,1512.5,158
21,2.129651163,1007,158
16,1.552118644,682.5,158
13,4.360714286,25,158
9,1.859390863,572.5,158
4,2.693382353,904.5,158
2,4.360714286,1524,158
35,1.642600897,952.5,157
33,1.532635983,1686.5,157
30,2.129651163,116.5,157
29,4.696153846,1351,157
25,1.572103004,1513.5,157
21,2.233536585,1014,157
16,1.552118644,676.5,157
13,4.360714286,27,157
9,1.85,572,157
4,2.673722628,903.5,157
2,4.1625,1527.5,157
35,1.665,954.5,156
33,1.57887931,1678.5,156
30,2.167455621,115,156
29,4.757142857,1350.5,156
25,1.471084337,1516,156
21,2.348076923,1018,156
16,1.558723404,675,156
13,4.309411765,27,156
9,1.804433498,573,156
4,2.673722628,902.5,156
2,4.115730337,1529,156
33,1.57887931,1678.5,155
30,2.167455621,115.5,155
29,4.757142857,1350.5,155
25,1.477016129,1515.5,155
21,2.348076923,1018,155
16,1.552118644,675,155
13,4.309411765,27,155
9,1.786829268,572,155
4,2.673722628,902.5,155
2,4.115730337,1529,155
33,1.57887931,1678.5,154
30,2.167455621,115.5,154
29,4.757142857,1351.5,154
25,1.471084337,1515.5,154
21,2.348076923,1018,154
16,1.558723404,675.5,154
13,4.360714286,27,154
9,1.786829268,572,154
4,2.673722628,902.5,154
2,4.115730337,1529,154
33,1.565384615,1677.5,153
30,2.167455621,115,153
29,4.757142857,1350.5,153
25,1.45936255,1515.5,153
21,2.348076923,1018,153
16,1.558723404,676,153
13,4.360714286,27,153
9,1.804433498,572.5,153
4,2.693382353,902,153
2,4.1625,1529.5,153
35,1.628,954.5,152
33,1.565384615,1674.5,152
30,2.167455621,114.5,152
29,4.819736842,1350.5,152
25,1.414285714,1517.5,152
21,2.31835443,1019.5,152
16,1.585714286,676,152
13,4.309411765,27,152
9,1.804433498,573,152
4,2.673722628,902,152
2,4.1625,1530.5,152
35,1.635267857,954.5,151
33,1.585714286,1666.5,151
30,2.167455621,112,151
29,4.884,1350,151
25,1.308214286,1522.5,151
21,2.22,1023.5,151
16,1.642600897,678,151
13,4.522222222,30,151
9,1.82238806,573.5,151
4,2.654347826,901,151
33,1.599563319,1660.5,150
30,2.180357143,109,150
29,5.017808219,1348.5,150
25,1.267474048,1531.5,150
21,2.069491525,1033.5,150
16,1.628,678.5,150
9,1.82238806,575,150
4,2.635251799,902,150
2,3.7,1537,150
33,1.613656388,1657.5,149
30,2.154705882,104,149
29,5.15915493,1347,149
25,1.263103448,1540,149
21,2.069491525,1038,149
16,1.606578947,680,149
9,1.813366337,576,149
4,2.635251799,903.5,149
2,3.591176471,1544,149
33,1.613656388,1656,148
30,2.142105263,101,148
29,5.15915493,1346,148
25,1.258762887,1541,148
21,2.057865169,1041.5,148
16,1.613656388,680,148
9,1.82238806,576,148
4,2.635251799,903.5,148
3,3.3,973,148
2,3.591176471,1546.5,148
33,1.62079646,1652,147
30,2.11734104,93.5,147
29,5.0875,1345,147
25,1.241694915,1544,147
21,2.012637363,1051.5,147
16,1.635267857,682,147
9,1.8315,575,147
4,2.635251799,903,147
3,3.3,972,147
2,3.488571429,1556.5,147
33,1.606578947,1652,146
30,2.093142857,92,146
29,5.0875,1344.5,146
25,1.245918367,1545,146
21,2.08125,1056,146
16,1.613656388,683,146
9,1.8315,574.5,146
4,2.635251799,903,146
3,3.3,972.5,146
2,3.455660377,1559,146
35,1.688018433,952.5,145
30,2.035,87.5,145
29,5.15915493,1343.5,145
25,1.250170648,1549.5,145
21,2.289375,1068,145
16,1.558723404,686,145
9,1.840703518,574,145
4,2.654347826,903.5,145
3,3.270535714,973,145
2,3.391666667,1568,145
35,1.680275229,953,144
33,1.53907563,1650.5,144
30,2.001639344,84.5,144
29,5.15915493,1343,144
25,1.2375,1550,144
21,2.289375,1079,144
16,1.57887931,687,144
9,1.85,574,144
4,2.635251799,903,144
2,3.360550459,1573,144
35,1.688018433,953,143
33,1.57887931,1643,143
30,1.969354839,82.5,143
29,5.55,1343,143
25,1.193159609,1554.5,143
21,2.27515528,1085.5,143
16,1.592608696,690,143
9,1.85,575.5,143
4,2.654347826,901.5,143
2,2.9304,1579,143
35,1.688018433,953.5,142
30,1.938095238,81.5,142
29,5.467164179,1342,142
25,1.127076923,1560.5,142
21,2.261111111,1087.5,142
16,1.606578947,691,142
9,1.85,576,142
4,2.654347826,902.5,142
2,2.817692308,1587.5,142
35,1.688018433,952.5,141
30,1.958823529,81,141
29,5.467164179,1342,141
25,1.052586207,1566,141
21,2.247239264,1087,141
16,1.592608696,690.5,141
9,1.840703518,577.5,141
4,2.635251799,902.5,141
35,1.688018433,952.5,140
30,1.958823529,80.5,140
29,5.55,1342,140
25,1.055619597,1565,140
21,2.261111111,1088,140
16,1.613656388,693,140
9,1.840703518,578,140
4,2.616428571,902.5,140
2,2.9304,1598,140
37,1.813366337,642,139
35,1.70372093,952,139
30,1.969354839,77.5,139
29,5.467164179,1342,139
25,1.023184358,1567,139
21,2.289375,1089.5,139
16,1.65,697.5,139
9,1.840703518,578.5,139
4,2.561538462,903.5,139
2,2.817692308,1606.5,139
37,1.804433498,639.5,138
35,1.70372093,953.5,138
30,1.99076087,74.5,138
29,5.55,1342,138
25,1.003561644,1575.5,138
21,2.31835443,1092,138
16,1.680275229,699,138
9,1.8315,579,138
4,2.526206897,904.5,138
2,2.796183206,1620.5,138
37,1.795588235,641.5,137
36,3.855789474,1846.5,137
35,1.688018433,958,137
30,2.046368715,67.5,137
29,5.55,1341.5,137
25,0.979411765,1586,137
21,2.348076923,1095.5,137
16,1.695833333,700.5,137
9,1.8315,579,137
4,2.458389262,906.5,137
2,2.693382353,1628.5,137
37,1.769565217,636,136
36,3.855789474,1846.5,136
35,1.67260274,959.5,136
30,2.023756906,64,136
29,5.635384615,1341.5,136
25,0.971618037,1595,136
21,2.303773585,1100,136
16,1.680275229,701,136
9,1.804433498,579.5,136
4,2.409868421,905.5,136
2,2.475,1637.5,136
37,1.761057692,638,135
36,3.815625,1846,135
35,1.695833333,960.5,135
30,2.001639344,63.5,135
29,5.7234375,1341.5,135
25,0.969047619,1595.5,135
21,2.303773585,1100,135
16,1.680275229,700.5,135
9,1.804433498,580,135
4,2.425827815,904.5,135
2,2.442,1637,135
36,3.815625,1846,134
35,1.695833333,961,134
30,1.99076087,62,134
29,5.7234375,1341.5,134
25,0.961417323,1597.5,134
21,2.303773585,1101,134
16,1.680275229,700.5,134
9,1.804433498,580.5,134
4,2.442,904,134
2,2.394117647,1637.5,134
35,1.711682243,961.5,133
30,1.917801047,58.5,133
29,5.635384615,1341,133
25,0.95390625,1605,133
21,2.27515528,1103.5,133
20,3.3,1745.5,133
16,1.695833333,700,133
9,1.795588235,583.5,133
4,2.491836735,903,133
3,3.270535714,980,133
2,2.22,1640.5,133
35,1.70372093,963.5,132
30,1.840703518,54,132
29,5.635384615,1340.5,132
25,0.925,1618.5,132
21,2.363225806,1109,132
20,3.3,1747,132
16,1.70372093,701.5,132
9,1.795588235,589,132
4,2.475,904,132
3,3.185217391,972,132
2,1.927894737,1642.5,132
35,1.711682243,962.5,131
30,1.795588235,50.5,131
29,5.55,1340.5,131
25,0.91575,1622,131
21,2.348076923,1113.5,131
16,1.727830189,702,131
9,1.804433498,589,131
4,2.50890411,903.5,131
3,3.185217391,968.5,131
2,1.897927461,1650,131
35,1.70372093,961,130
33,2.616428571,1524,130
30,1.795588235,49,130
29,5.467164179,1340,130
25,0.913466334,1625,130
21,2.333121019,1117,130
19,2.796183206,888,130
16,1.736018957,701,130
9,1.804433498,589.5,130
4,2.50890411,904,130
2,1.917801047,1668.5,130
35,1.688018433,956,129
33,2.616428571,1524,129
30,1.786829268,45.5,129
29,5.232857143,1339.5,129
25,0.91119403,1633.5,129
21,2.303773585,1125.5,129
19,2.775,887.5,129
16,1.769565217,698.5,129
9,1.813366337,591,129
4,2.50890411,906.5,129
2,2.105172414,1721.5,129
33,2.579577465,1521.5,128
31,0.91119403,1633,128
30,1.752631579,43,128
29,5.308695652,1339.5,128
25,0.906683168,1646,128
21,2.363225806,1129.5,128
19,2.713333333,885.5,128
16,1.804433498,697.5,128
9,1.840703518,591.5,128
4,2.442,905.5,128
2,1.969354839,1723.5,128
31,0.908933002,1645.5,127
30,1.680275229,39,127
29,5.55,1339,127
25,0.91119403,1647.5,127
21,2.425827815,1132.5,127
19,2.693382353,886,127
16,1.813366337,696.5,127
9,1.840703518,591,127
4,2.363225806,909,127
2,1.917801047,1733,127
31,0.91119403,1646,126
30,1.688018433,39.5,126
29,5.55,1339,126
25,0.913466334,1649.5,126
21,2.458389262,1133,126
19,2.713333333,885.5,126
16,1.795588235,696.5,126
9,1.840703518,591.5,126
4,2.363225806,909,126
2,1.9078125,1734,126
33,2.59787234,1528.5,125
31,0.913466334,1649.5,125
30,1.680275229,39,125
29,5.55,1339,125
25,0.91575,1657.5,125
21,2.475,1134.5,125
19,2.73358209,885.5,125
16,1.795588235,696,125
9,1.8315,591.5,125
4,2.363225806,910,125
2,1.859390863,1736,125
33,2.616428571,1526.5,124
31,0.91575,1663.5,124
30,1.657466063,38,124
29,5.55,1338,124
21,2.491836735,1138,124
19,2.73358209,884.5,124
16,1.77815534,695,124
9,1.8315,591,124
4,2.31835443,910.5,124
2,1.761057692,1741,124
31,0.906683168,1688.5,123
30,1.665,37.5,123
29,5.55,1338,123
21,2.475,1140.5,123
19,2.713333333,885,123
16,1.77815534,694,123
9,1.8315,592.5,123
4,2.233536585,915.5,123
2,1.628,1749.5,123
31,0.880528846,1715.5,122
30,1.688018433,37,122
29,5.635384615,1337,122
21,2.394117647,1142.5,122
16,1.77815534,692,122
9,1.82238806,592.5,122
6,1.85,1567,122
4,2.11734104,916.5,122
2,1.969354839,1794,122
30,1.67260274,36.5,121
29,5.7234375,1336,121
25,0.936828645,1759.5,121
21,2.491836735,1146,121
16,1.752631579,691,121
9,1.813366337,593,121
6,1.85,1565,121
4,2.08125,918,121
2,1.868877551,1807.5,121
29,5.7234375,1335,120
25,0.913466334,1764,120
21,2.50890411,1148.5,120
16,1.736018957,689.5,120
9,1.795588235,594,120
6,1.859390863,1569.5,120
4,2.105172414,919,120
2,1.769565217,1822,120
29,5.7234375,1334.5,119
25,0.906683168,1765.5,119
21,2.458389262,1150,119
16,1.761057692,691,119
13,1.083727811,31.5,119
9,1.786829268,593.5,119
6,1.85,1568,119
4,2.046368715,918,119
2,1.948404255,1839,119
29,5.467164179,1335,118
25,0.897794118,1765,118
21,2.475,1150,118
19,2.348076923,892.5,118
16,1.769565217,690.5,118
13,1.071052632,39,118
9,1.795588235,592.5,118
6,1.840703518,1567,118
4,2.012637363,925,118
25,0.893414634,1765,117
21,2.54375,1150.5,117
19,2.348076923,892,117
16,1.786829268,691,117
13,1.162857143,46,117
9,1.8315,591.5,117
6,1.8315,1565.5,117
4,2.001639344,925,117
25,0.853846154,1762,116
21,2.635251799,1152.5,116
19,2.491836735,883.5,116
16,1.786829268,688.5,116
13,1.1446875,55,116
9,1.82238806,592,116
6,1.8315,1565,116
4,2.035,926,116
25,0.796304348,1762,115
21,2.713333333,1155,115
19,2.27515528,886.5,115
16,1.786829268,686,115
13,1.116768293,62,115
9,1.795588235,593,115
6,1.813366337,1562.5,115
4,2.023756906,928,115
25,0.74,1764.5,114
21,2.796183206,1158,114
20,3.027272727,1768,114
19,2.333121019,884.5,114
16,1.786829268,686,114
13,1.148275862,64,114
9,1.77815534,593.5,114
6,1.795588235,1557.5,114
4,2.035,930.5,114
25,0.722485207,1774,113
21,2.86171875,1160.5,113
20,3.027272727,1769.5,113
19,2.475,881.5,113
16,1.769565217,685,113
13,1.028932584,66,113
9,1.77815534,593.5,113
6,1.804433498,1552,113
4,2.057865169,934,113
25,0.753703704,1794.5,112
24,3.455660377,135,112
21,2.9304,1164,112
20,3.027272727,1769,112
19,2.50890411,881,112
16,1.769565217,682,112
13,0.982037534,68.5,112
9,1.761057692,592.5,112
6,1.813366337,1545,112
4,2.08125,935.5,112
24,2.289375,127,111
21,2.817692308,1167,111
20,2.9304,1769.5,111
19,2.491836735,880.5,111
16,1.77815534,680.5,111
13,0.941645244,83.5,111
9,1.769565217,593,111
6,1.813366337,1538.5,111
4,2.093142857,937,111
21,2.73358209,1169.5,110
20,3.0525,1770.5,110
19,2.50890411,880.5,110
16,1.77815534,680,110
13,0.819463087,90.5,110
9,1.77815534,593,110
6,1.85,1528,110
4,2.105172414,939.5,110
21,2.775,1173.5,109
20,3.078151261,1768.5,109
19,2.491836735,880.5,109
16,1.752631579,681.5,109
13,0.815812918,98,109
9,1.77815534,593,109
6,1.85,1526,109
4,2.105172414,942,109
2,1.71971831,1859,109
21,2.796183206,1175,108
20,3.027272727,1771.5,108
19,2.475,881,108
16,1.752631579,682,108
13,0.803289474,107.5,108
9,1.769565217,593.5,108
6,1.859390863,1525,108
4,2.105172414,944.5,108
2,1.711682243,1855.5,108
21,2.796183206,1176,107
19,2.394117647,882.5,107
16,1.769565217,681,107
13,0.81039823,118.5,107
9,1.769565217,595.5,107
6,1.859390863,1524,107
4,2.057865169,945.5,107
2,1.711682243,1853,107
21,2.839534884,1178.5,106
19,2.409868421,883.5,106
16,1.769565217,681,106
13,0.826862302,132,106
9,1.77815534,596,106
6,1.9078125,1521,106
4,2.012637363,949,106
2,1.70372093,1852,106
21,2.884251969,1181,105
19,2.363225806,885,105
16,1.769565217,681,105
13,0.855841121,153,105
9,1.795588235,597,105
6,1.948404255,1517,105
4,1.938095238,957,105
2,1.695833333,1851.5,105
21,2.907142857,1181.5,104
19,2.303773585,886,104
16,1.761057692,680,104
13,0.868009479,158,104
9,1.795588235,597,104
6,1.948404255,1517,104
4,1.927894737,957.5,104
2,1.688018433,1851,104
21,2.954032258,1184.5,103
19,2.154705882,888.5,103
16,1.744285714,678,103
13,0.902216749,169.5,103
9,1.795588235,596.5,103
6,1.938095238,1515,103
4,1.917801047,959,103
2,1.65,1849,103
21,2.884251969,1186,102
19,2.167455621,889.5,102
16,1.736018957,677,102
13,0.902216749,171,102
9,1.795588235,596.5,102
6,1.938095238,1514,102
4,1.9078125,960,102
2,1.642600897,1846.5,102
21,2.73358209,1190,101
19,2.206626506,892,101
16,1.71971831,676,101
13,0.904444444,175.5,101
9,1.804433498,596.5,101
6,1.917801047,1511.5,101
4,1.897927461,964,101
2,1.599563319,1839.5,101
21,2.616428571,1191.5,100
19,2.193413174,893,100
16,1.727830189,676,100
13,0.904444444,178.5,100
9,1.804433498,596.5,100
6,1.9078125,1511,100
4,1.897927461,964.5,100
3,1.8315,721.5,100
2,1.599563319,1835.5,100
21,2.86171875,1194.5,99
19,2.154705882,894.5,99
16,1.752631579,676,99
13,0.904444444,185.5,99
9,1.804433498,597,99
6,1.878461538,1509.5,99
4,1.917801047,965.5,99
3,1.8315,721.5,99
2,1.606578947,1824,99
22,7.326,1196.5,98
21,2.86171875,1196,98
19,2.142105263,895.5,98
16,1.769565217,675.5,98
13,0.904444444,193.5,98
9,1.804433498,596,98
6,1.878461538,1508.5,98
4,1.917801047,967,98
3,1.840703518,722,98
2,1.585714286,1822.5,98
22,7.326,1196.5,97
21,2.86171875,1200,97
19,2.093142857,896.5,97
16,1.795588235,675.5,97
13,0.906683168,216,97
9,1.795588235,595,97
6,1.878461538,1506.5,97
4,1.917801047,969.5,97
2,1.53907563,1818.5,97
21,2.817692308,1199.5,96
19,2.08125,897,96
16,1.795588235,675.5,96
13,0.906683168,224.5,96
9,1.795588235,595.5,96
6,1.897927461,1505.5,96
4,1.9078125,970.5,96
3,1.878461538,724,96
2,1.54556962,1816,96
21,2.713333333,1200.5,95
19,2.08125,898.5,95
16,1.804433498,675.5,95
13,0.906683168,246.5,95
9,1.77815534,595.5,95
6,1.9078125,1503.5,95
4,1.878461538,973.5,95
3,1.878461538,724.5,95
2,1.53907563,1809,95
21,2.907142857,1202,94
19,2.012637363,899,94
16,1.804433498,674.5,94
13,0.932061069,269.5,94
9,1.786829268,595,94
7,5.386764706,1199.5,94
6,1.897927461,1500.5,94
4,1.859390863,974.5,94
3,1.859390863,723.5,94
2,1.53907563,1799,94
19,1.938095238,899.5,93
16,1.795588235,674,93
13,0.951428571,288.5,93
9,1.761057692,595.5,93
7,5.232857143,1200.5,93
6,1.897927461,1496.5,93
4,1.82238806,977.5,93
2,1.54556962,1788,93
19,1.9078125,899,92
16,1.795588235,674.5,92
13,0.956396867,293,92
9,1.77815534,595.5,92
7,5.308695652,1201,92
6,1.897927461,1496.5,92
4,1.804433498,977,92
2,1.54556962,1787,92
19,1.8315,898,91
16,1.77815534,674,91
13,0.9768,306,91
9,1.804433498,596.5,91
7,5.908064516,1203.5,91
6,1.9078125,1495,91
4,1.769565217,976,91
2,1.532635983,1784.5,91
20,2.394117647,1836,90
19,1.82238806,897.5,90
16,1.77815534,675,90
13,0.987331536,310.5,90
9,1.804433498,596.5,90
7,4.95,1205.5,90
6,1.938095238,1494.5,90
4,1.727830189,977.5,90
3,1.786829268,723,90
2,1.53907563,1780.5,90
20,2.394117647,1838.5,89
19,1.786829268,897,89
16,1.761057692,676.5,89
13,1.0175,322.5,89
9,1.85,598,89
7,3.591176471,1210,89
4,1.642600897,981,89
3,1.795588235,723.5,89
2,1.54556962,1769.5,89
20,2.409868421,1839,88
19,1.795588235,897,88
16,1.761057692,677.5,88
13,1.020334262,323,88
9,1.85,598.5,88
7,3.626732673,1210.5,88
4,1.642600897,980.5,88
3,1.795588235,724,88
2,1.552118644,1769.5,88
20,2.409868421,1839.5,87
19,1.795588235,896.5,87
16,1.761057692,677.5,87
13,1.020334262,323.5,87
9,1.859390863,598.5,87
7,3.626732673,1210,87
4,1.635267857,980.5,87
3,1.795588235,724,87
2,1.54556962,1767.5,87
20,2.425827815,1842,86
19,1.786829268,896.5,86
16,1.761057692,678,86
13,1.02605042,326,86
9,1.868877551,598.5,86
7,3.591176471,1210.5,86
6,2.154705882,1489.5,86
4,1.628,981.5,86
3,1.795588235,724.5,86
2,1.54556962,1762.5,86
20,2.491836735,1848,85
19,1.786829268,896,85
16,1.761057692,679.5,85
13,1.043589744,332.5,85
9,1.878461538,598,85
7,3.626732673,1212,85
6,2.180357143,1488,85
4,1.599563319,983,85
3,1.82238806,726,85
2,1.552118644,1748,85
20,2.526206897,1848.5,84
19,1.786829268,895.5,84
16,1.761057692,678,84
13,1.055619597,335.5,84
9,1.878461538,598,84
7,3.55631068,1213,84
6,2.180357143,1487,84
4,1.599563319,983.5,84
3,1.840703518,727,84
2,1.552118644,1745.5,84
20,2.59787234,1851,83
19,1.795588235,895,83
16,1.761057692,675.5,83
13,1.08694362,345,83
9,1.897927461,598,83
7,3.423364486,1215,83
6,2.180357143,1484.5,83
4,1.585714286,983,83
2,1.552118644,1739,83
20,2.59787234,1853,82
19,1.795588235,895,82
16,1.761057692,676,82
13,1.093432836,347.5,82
9,1.9078125,598,82
7,3.423364486,1215.5,82
6,2.22,1484,82
4,1.585714286,983.5,82
2,1.552118644,1736.5,82
20,2.561538462,1857.5,81
19,1.813366337,894,81
16,1.77815534,676.5,81
13,1.123619632,355,81
9,1.9078125,598.5,81
7,3.455660377,1217.5,81
6,2.289375,1481.5,81
4,1.592608696,985.5,81
2,1.53907563,1729.5,81
20,2.54375,1858.5,80
19,1.795588235,894,80
16,1.77815534,675.5,80
13,1.155520505,356.5,80
9,1.917801047,598.5,80
7,3.423364486,1218,80
6,2.27515528,1481,80
4,1.585714286,986,80
3,2.046368715,734,80
2,1.54556962,1726,80
20,2.491836735,1862,79
19,1.744285714,893,79
16,1.786829268,674.5,79
13,1.254452055,361,79
9,1.938095238,598,79
7,3.391666667,1220.5,79
6,2.233536585,1479,79
4,1.558723404,987,79
3,2.057865169,735.5,79
2,1.54556962,1718.5,79
20,2.458389262,1863.5,78
19,1.736018957,893,78
16,1.786829268,674.5,78
13,1.263103448,364.5,78
9,1.927894737,598,78
7,3.423364486,1222,78
6,2.22,1478,78
4,1.54556962,987.5,78
3,2.046368715,735.5,78
2,1.54556962,1715,78
20,2.363225806,1867.5,77
19,1.744285714,892,77
16,1.769565217,674.5,77
13,1.29434629,373,77
9,1.927894737,598.5,77
7,3.488571429,1224.5,77
6,2.233536585,1476.5,77
4,1.519917012,988.5,77
3,2.069491525,737.5,77
2,1.552118644,1705.5,77
20,2.378571429,1869.5,76
19,1.71971831,891,76
16,1.761057692,674.5,76
13,1.317625899,375,76
9,1.927894737,599,76
7,3.591176471,1224.5,76
6,2.233536585,1475,76
4,1.507407407,988.5,76
3,2.069491525,738.5,76
2,1.552118644,1704,76
20,2.409868421,1875,75
19,1.67260274,889,75
16,1.744285714,675,75
13,1.3875,381,75
9,1.9078125,599,75
7,3.896808511,1224.5,75
6,2.233536585,1472,75
4,1.482995951,987.5,75
3,2.069491525,742,75
2,1.558723404,1699.5,75
20,2.378571429,1875.5,74
19,1.62079646,888.5,74
16,1.752631579,676.5,74
13,1.408846154,384.5,74
9,1.9078125,599,74
7,3.938709677,1225.5,74
6,2.247239264,1470.5,74
4,1.453571429,987.5,74
3,2.08125,743,74
2,1.532635983,1697,74
20,2.261111111,1878,73
19,1.501229508,887,73
16,1.769565217,680,73
13,1.45936255,392.5,73
9,1.9078125,598,73
7,3.981521739,1228,73
6,2.27515528,1467,73
4,1.377067669,986,73
3,2.093142857,747,73
2,1.495102041,1692,73
20,2.27515528,1878,72
19,1.507407407,886.5,72
16,1.77815534,679.5,72
13,1.45936255,393,72
9,1.897927461,598.5,72
7,3.981521739,1228,72
6,2.27515528,1467.5,72
4,1.366791045,986.5,72
3,2.093142857,747,72
2,1.507407407,1691.5,72
20,2.261111111,1878.5,71
19,1.495102041,886.5,71
16,1.77815534,680.5,71
13,1.4652,393,71
9,1.897927461,598,71
7,3.981521739,1228,71
6,2.303773585,1466.5,71
4,1.366791045,987,71
3,2.093142857,747,71
2,1.507407407,1689.5,71
20,2.167455621,1880.5,70
19,1.48902439,886.5,70
16,1.786829268,681.5,70
13,1.4652,394.5,70
9,1.897927461,599,70
8,3.3,1751,70
7,3.981521739,1228.5,70
6,2.348076923,1464.5,70
4,1.356666667,987,70
3,2.093142857,747.5,70
2,1.513636364,1683.5,70
19,1.4652,885.5,69
16,1.786829268,685.5,69
13,1.482995951,399,69
9,1.88814433,599.5,69
8,3.3,1750,69
7,4.025274725,1229.5,69
6,2.458389262,1460,69
4,1.327173913,987,69
3,2.105172414,749,69
2,1.532635983,1667,69
19,1.45936255,885,68
16,1.804433498,685.5,68
13,1.507407407,400,68
9,1.897927461,599,68
8,3.3,1750,68
7,4.025274725,1230,68
6,2.475,1459.5,68
5,2.069491525,14,68
4,1.317625899,987.5,68
3,2.093142857,749,68
2,1.54556962,1664,68
19,1.45936255,882.5,67
16,1.813366337,687,67
13,1.565384615,403.5,67
9,1.917801047,598,67
8,3.24159292,1748.5,67
7,4.115730337,1232,67
6,2.475,1458.5,67
5,2.057865169,20,67
4,1.289788732,987,67
3,2.08125,750.5,67
2,1.558723404,1655,67
19,1.45936255,880.5,66
16,1.813366337,687.5,66
13,1.592608696,405,66
9,1.917801047,597.5,66
8,3.24159292,1748,66
7,4.115730337,1232,66
6,2.491836735,1458,66
5,2.046368715,22.5,66
4,1.280769231,987,66
3,2.069491525,751.5,66
2,1.585714286,1652,66
19,1.453571429,875.5,65
16,1.804433498,688.5,65
13,1.657466063,407.5,65
9,1.9078125,595.5,65
8,3.24159292,1746,65
7,4.1625,1232,65
6,2.475,1456.5,65
5,2.023756906,30.5,65
4,1.250170648,987,65
3,2.057865169,753,65
2,1.657466063,1643,65
19,1.4652,875,64
16,1.786829268,691,64
13,1.695833333,414.5,64
9,1.9078125,595.5,64
8,3.3,1743.5,64
7,4.115730337,1232,64
6,2.458389262,1455,64
5,2.057865169,37,64
4,1.225083612,985.5,64
3,2.035,754.5,64
2,1.688018433,1634.5,64
19,1.482995951,874.5,63
16,1.795588235,693.5,63
13,1.752631579,430.5,63
9,1.9078125,593,63
7,4.259302326,1233,63
6,2.475,1451.5,63
5,2.08125,52,63
4,1.181612903,983,63
3,1.948404255,758.5,63
2,1.711682243,1620,63
19,1.482995951,874.5,62
16,1.795588235,693,62
13,1.761057692,430,62
9,1.9078125,593.5,62
7,4.259302326,1233,62
6,2.491836735,1451.5,62
5,2.093142857,52,62
4,1.177813505,983.5,62
3,1.948404255,758.5,62
2,1.711682243,1619.5,62
19,1.482995951,874,61
16,1.786829268,693,61
13,1.752631579,430,61
9,1.9078125,593.5,61
7,4.259302326,1233.5,61
6,2.491836735,1451.5,61
5,2.08125,52,61
4,1.177813505,983,61
3,1.948404255,758.5,61
2,1.70372093,1619.5,61
19,1.482995951,873.5,60
16,1.786829268,694,60
13,1.761057692,431.5,60
10,5.814285714,76.5,60
9,1.9078125,593.5,60
7,4.360714286,1233.5,60
6,2.475,1450.5,60
5,2.046368715,53,60
4,1.189285714,981,60
3,1.938095238,760,60
2,1.70372093,1619,60
19,1.477016129,871.5,59
16,1.769565217,696.5,59
13,1.804433498,435,59
10,5.635384615,84,59
9,1.878461538,592.5,59
7,4.522222222,1235,59
6,2.475,1449,59
5,1.958823529,57,59
4,1.208910891,974,59
3,1.927894737,762.5,59
2,1.70372093,1616.5,59
19,1.4652,869.5,58
16,1.769565217,697.5,58
13,1.786829268,437,58
10,5.55,87,58
9,1.868877551,592,58
8,3.33,1735,58
7,4.467073171,1236,58
6,2.475,1448.5,58
5,1.969354839,59,58
4,1.212913907,971.5,58
3,1.9078125,762.5,58
2,1.70372093,1616.5,58
19,1.425291829,863,57
16,1.795588235,698.5,57
13,1.769565217,442.5,57
10,5.15915493,96.5,57
9,1.85,590.5,57
8,3.360550459,1732.5,57
7,4.467073171,1237,57
6,2.491836735,1445,57
5,1.99076087,64.5,57
4,1.229194631,963.5,57
3,1.8315,764.5,57
2,1.711682243,1616.5,57
19,1.414285714,858,56
16,1.795588235,699,56
13,1.77815534,444,56
11,5.308695652,957.5,56
10,5.017808219,102,56
9,1.878461538,588,56
8,3.33,1731.5,56
7,4.467073171,1238,56
6,2.50890411,1443,56
5,1.958823529,73,56
4,1.208910891,957,56
3,1.840703518,767,56
2,1.71971831,1613.5,56
19,1.361710037,841,55
16,1.804433498,701,55
13,1.813366337,448,55
11,5.232857143,948,55
10,4.57875,118,55
9,1.948404255,580.5,55
7,4.522222222,1241,55
6,2.54375,1437,55
5,1.878461538,95,55
4,1.155520505,937.5,55
3,1.878461538,773.5,55
2,1.752631579,1605.5,55
19,1.361710037,841,54
16,1.804433498,701,54
13,1.82238806,448.5,54
11,5.0875,946.5,54
10,4.522222222,119,54
9,1.948404255,580.5,54
7,4.467073171,1241,54
6,2.579577465,1436.5,54
5,1.88814433,96,54
4,1.155520505,935.5,54
3,1.88814433,773,54
2,1.752631579,1604,54
16,1.804433498,701,53
13,1.82238806,450,53
11,5.0875,944,53
10,4.522222222,122.5,53
9,1.927894737,580,53
7,4.522222222,1241,53
6,2.616428571,1436,53
5,1.859390863,100,53
4,1.148275862,930.5,53
3,1.9078125,773,53
2,1.744285714,1599.5,53
16,1.804433498,700.5,52
14,1.408846154,918.5,52
13,1.85,453.5,52
10,4.467073171,134.5,52
9,1.878461538,579,52
6,2.754135338,1434,52
5,1.769565217,111.5,52
4,1.134055728,914.5,52
3,1.99076087,773,52
2,1.744285714,1587,52
16,1.795588235,701.5,51
14,1.371910112,908.5,51
13,1.878461538,456.5,51
9,1.878461538,577,51
5,1.82238806,123,51
4,1.127076923,911,51
2,1.752631579,1578,51
16,1.795588235,701.5,50
14,1.303558719,905.5,50
13,1.897927461,457.5,50
10,4.413253012,150,50
9,1.868877551,575.5,50
8,3.3,1715,50
5,1.813366337,127,50
4,1.11337386,909,50
2,1.744285714,1576,50
16,1.77815534,703,49
14,1.151886792,895.5,49
13,1.927894737,460.5,49
10,4.467073171,159,49
9,1.8315,572.5,49
8,3.3,1713,49
5,1.77815534,140.5,49
4,1.067930029,903,49
2,1.711682243,1571,49
16,1.804433498,702,48
14,1.280769231,875.5,48
13,2.001639344,463.5,48
10,4.360714286,172.5,48
9,1.82238806,569.5,48
8,3.270535714,1710,48
5,1.71971831,152.5,48
4,1.034745763,890.5,48
2,1.680275229,1566,48
16,1.786829268,701.5,47
14,1.250170648,866.5,47
13,2.142105263,466.5,47
9,1.786829268,566.5,47
5,1.804433498,158,47
4,0.9768,868.5,47
2,1.71971831,1561.5,47
16,1.77815534,701,46
14,1.233333333,862.5,46
13,2.167455621,468,46
10,4.696153846,197.5,46
9,1.795588235,565,46
5,1.769565217,163,46
4,0.984677419,864.5,46
2,1.727830189,1560,46
16,1.761057692,699,45
14,1.189285714,849.5,45
13,2.233536585,471.5,45
10,4.696153846,204.5,45
9,1.8315,561.5,45
5,1.70372093,177.5,45
4,1.011878453,854,45
2,1.744285714,1556,45
16,1.77815534,697.5,44
14,1.177813505,844.5,44
13,2.247239264,473.5,44
10,4.636708861,211.5,44
9,1.938095238,558.5,44
7,4.259302326,1248,44
6,3.157758621,1416.5,44
5,1.688018433,184.5,44
4,0.995380435,843,44
2,1.744285714,1554.5,44
16,1.804433498,693.5,43
13,2.27515528,479.5,43
10,4.57875,230.5,43
9,2.31835443,549.5,43
7,4.309411765,1248,43
6,3.157758621,1416,43
5,1.665,205,43
4,0.946511628,813.5,43
2,1.744285714,1550,43
16,1.813366337,693,42
13,2.27515528,479.5,42
10,4.522222222,232.5,42
9,2.206626506,548,42
7,4.309411765,1248,42
6,3.130769231,1415,42
5,1.67260274,207,42
4,0.939230769,809,42
2,1.744285714,1548.5,42
16,1.8315,690,41
13,2.303773585,481,41
9,1.969354839,545.5,41
7,4.309411765,1248,41
6,3.0525,1413.5,41
5,1.727830189,212.5,41
4,0.922670025,796.5,41
2,1.761057692,1545.5,41
16,1.897927461,689.5,40
15,1.795588235,964.5,40
14,1.049570201,771.5,40
13,2.27515528,482.5,40
9,2.001639344,544.5,40
7,4.413253012,1248,40
6,3.078151261,1413.5,40
5,1.769565217,218.5,40
4,0.932061069,792,40
2,1.786829268,1544,40
16,2.105172414,686.5,39
15,1.795588235,965,39
14,1.049570201,771.5,39
13,2.193413174,487,39
9,2.08125,541.5,39
7,4.884,1247.5,39
6,3.104237288,1413,39
5,1.878461538,235,39
4,0.956396867,779,39
2,1.88814433,1541,39
16,2.11734104,686.5,38
15,1.795588235,965,38
14,1.049570201,771.5,38
13,2.193413174,487.5,38
9,2.08125,542,38
8,3.213157895,1689.5,38
7,4.884,1247.5,38
6,3.104237288,1412.5,38
5,1.878461538,235.5,38
4,0.956396867,779.5,38
2,1.88814433,1540,38
13,2.193413174,488,37
9,2.08125,541.5,37
8,3.213157895,1687,37
7,4.95,1247.5,37
6,3.104237288,1412.5,37
5,1.878461538,236,37
4,0.951428571,778.5,37
2,1.897927461,1540,37
13,2.193413174,488.5,36
9,2.035,540,36
7,5.0875,1247.5,36
6,3.0525,1412,36
5,1.840703518,238,36
4,0.946511628,774.5,36
2,1.927894737,1537.5,36
13,2.180357143,489.5,35
9,1.938095238,535.5,35
8,3.270535714,1680.5,35
7,5.232857143,1247.5,35
6,3.002459016,1409.5,35
5,1.744285714,243.5,35
4,0.925,763.5,35
2,2.012637363,1531.5,35
9,1.9078125,530.5,34
8,3.270535714,1678.5,34
6,3.130769231,1409,34
5,1.711682243,248.5,34
4,0.918045113,750.5,34
2,2.023756906,1528,34
10,4.757142857,291.5,33
9,1.917801047,529.5,33
8,3.270535714,1678.5,33
6,3.185217391,1408.5,33
5,1.711682243,254.5,33
4,0.922670025,744,33
3,1.917801047,835,33
2,2.023756906,1527,33
10,4.819736842,297.5,32
9,1.938095238,525,32
8,3.3,1677,32
5,1.71971831,269.5,32
4,0.936828645,726,32
3,1.917801047,838.5,32
2,1.99076087,1524.5,32
10,4.819736842,302,31
9,1.927894737,522.5,31
8,3.3,1676,31
6,3.488571429,1405.5,31
5,1.727830189,274,31
4,0.936828645,720.5,31
3,1.878461538,839.5,31
2,1.98,1523,31
1,2.442,772.5,31
10,5.017808219,314.5,30
9,1.917801047,516.5,30
8,3.270535714,1673,30
6,3.488571429,1404.5,30
5,1.761057692,285.5,30
4,0.936828645,705,30
3,1.795588235,843.5,30
2,1.927894737,1519,30
1,2.409868421,775,30
11,4.259302326,632.5,29
10,4.95,317.5,29
9,1.948404255,511.5,29
8,3.3,1671.5,29
7,5.814285714,1251.5,29
6,3.55631068,1405,29
5,1.761057692,291.5,29
4,0.936828645,696,29
3,1.795588235,846.5,29
2,1.948404255,1518,29
1,2.348076923,775,29
11,4.360714286,625,28
9,2.057865169,499,28
8,3.33,1668.5,28
7,5.908064516,1251.5,28
6,3.815625,1404,28
5,1.77815534,307.5,28
4,0.944072165,670.5,28
3,1.77815534,854.5,28
2,2.001639344,1515.5,28
1,2.180357143,775,28
9,1.99076087,499,27
8,3.24159292,1664.5,27
7,5.908064516,1252.5,27
6,3.77628866,1403,27
5,1.813366337,315.5,27
4,0.956396867,651.5,27
3,1.795588235,863,27
2,2.11734104,1513.5,27
1,2.129651163,780.5,27
10,4.884,344,26
9,2.093142857,500.5,26
8,3.24159292,1664,26
7,5.908064516,1252.5,26
6,3.77628866,1403,26
5,1.82238806,319,26
4,0.963947368,646.5,26
3,1.813366337,864,26
2,2.154705882,1512.5,26
1,2.142105263,782,26
10,5.017808219,349.5,25
9,2.409868421,504.5,25
7,5.7234375,1253.5,25
6,3.77628866,1403.5,25
5,1.85,329.5,25
4,0.979411765,633.5,25
3,1.85,866.5,25
2,2.289375,1510,25
1,2.154705882,787,25
10,4.95,352,24
9,2.348076923,502.5,24
8,3.157758621,1658,24
7,5.55,1254,24
6,3.7,1403,24
5,1.859390863,333,24
4,0.9768,628.5,24
3,1.859390863,869.5,24
2,2.27515528,1508,24
1,2.154705882,790,24
10,4.95,359,23
9,2.129651163,493,23
8,3.157758621,1657,23
6,3.55631068,1400.5,23
5,1.9078125,343,23
4,0.963947368,614,23
3,1.897927461,877.5,23
2,2.193413174,1502,23
1,2.154705882,797.5,23
10,5.635384615,376,22
9,2.167455621,493,22
8,3.104237288,1654.5,22
7,5.15915493,1255,22
6,3.488571429,1400,22
5,1.897927461,339,22
4,0.958900524,608,22
3,1.878461538,890,22
2,2.167455621,1498,22
1,2.233536585,801.5,22
10,5.635384615,377.5,21
9,2.289375,492,21
8,3.0525,1654.5,21
7,5.232857143,1255.5,21
6,3.522115385,1399.5,21
5,1.88814433,342.5,21
4,0.963947368,606.5,21
3,1.878461538,895,21
2,2.142105263,1498,21
1,2.247239264,808,21
9,2.31835443,491,20
8,3.0525,1654,20
7,5.232857143,1255,20
6,3.55631068,1400,20
5,1.897927461,347,20
4,0.961417323,606,20
3,1.878461538,897,20
2,2.142105263,1498,20
1,2.233536585,808.5,20
9,2.409868421,489,19
8,3.104237288,1653,19
7,5.386764706,1255,19
6,3.522115385,1400,19
5,1.948404255,359.5,19
4,0.961417323,604.5,19
3,1.859390863,900.5,19
2,2.154705882,1496,19
1,2.193413174,811,19
9,2.442,487.5,18
8,3.0525,1652,18
7,5.467164179,1256,18
6,3.522115385,1399,18
5,2.057865169,373.5,18
4,0.958900524,596.5,18
3,1.868877551,902.5,18
2,2.093142857,1494.5,18
1,2.129651163,813.5,18
9,2.425827815,489,17
8,3.078151261,1651,17
7,5.814285714,1256.5,17
6,3.522115385,1399,17
5,2.069491525,378.5,17
4,0.941645244,586,17
3,1.897927461,903.5,17
2,2.057865169,1494.5,17
1,2.167455621,814.5,17
9,2.458389262,492.5,16
7,6.004918033,1257,16
6,3.488571429,1399,16
5,1.98,380.5,16
4,0.956396867,564,16
3,1.868877551,904,16
2,2.105172414,1493.5,16
1,2.193413174,817,16
7,6.105,1256.5,15
6,3.522115385,1398.5,15
5,2.012637363,381.5,15
4,0.956396867,565,15
3,1.868877551,904.5,15
2,2.11734104,1493.5,15
1,2.193413174,817,15
7,6.105,1257,14
6,3.55631068,1398,14
5,2.046368715,384.5,14
4,0.956396867,566.5,14
3,1.859390863,905,14
2,2.180357143,1492.5,14
1,2.193413174,819.5,14
7,6.315517241,1258.5,13
6,3.737755102,1397,13
5,2.167455621,392,13
4,0.961417323,570,13
3,1.813366337,908,13
2,2.333121019,1491.5,13
1,2.193413174,825.5,13
7,6.66,1259,12
6,3.663,1396,12
5,2.08125,391,12
4,0.963947368,571,12
3,1.804433498,910.5,12
2,2.333121019,1490.5,12
1,2.154705882,830,12
7,6.66,1259,11
6,3.663,1395.5,11
5,2.046368715,389.5,11
4,0.974202128,565,11
3,1.8315,913,11
2,2.261111111,1489,11
1,2.046368715,832.5,11
7,6.783333333,1259,10
6,3.626732673,1396,10
5,2.046368715,389.5,10
4,0.9768,564.5,10
3,1.8315,913.5,10
2,2.247239264,1489,10
1,2.035,832.5,10
7,6.783333333,1259,9
6,3.626732673,1396,9
5,2.046368715,389.5,9
4,0.9768,565,9
3,1.8315,913,9
2,2.233536585,1489.5,9
1,2.035,832,9
7,6.66,1259,8
6,3.626732673,1396,8
5,2.046368715,389.5,8
4,0.9768,565,8
3,1.8315,912.5,8
2,2.233536585,1489.5,8
1,2.035,832,8
7,6.66,1258.5,7
6,3.626732673,1396,7
5,2.046368715,389.5,7
4,0.9768,565.5,7
3,1.8315,912,7
2,2.247239264,1489.5,7
1,2.035,832,7
7,6.66,1258.5,6
6,3.626732673,1396,6
5,2.046368715,389.5,6
4,0.979411765,565,6
3,1.8315,912.5,6
2,2.261111111,1489.5,6
1,2.035,832,6
7,6.66,1259,5
6,3.626732673,1396,5
5,2.046368715,390,5
4,0.979411765,563.5,5
3,1.8315,914,5
2,2.247239264,1489,5
1,2.046368715,833,5
8,3.270535714,1634,4
7,6.426315789,1259,4
6,3.55631068,1396,4
5,2.023756906,391.5,4
4,0.984677419,558,4
3,1.868877551,918,4
2,2.247239264,1488.5,4
1,2.046368715,836,4
8,3.270535714,1634,3
7,6.004918033,1261,3
6,3.522115385,1395.5,3
5,2.001639344,397,3
4,1.000819672,539,3
3,1.938095238,931.5,3
2,2.261111111,1487.5,3
1,2.023756906,847,3
