25,1.642600897,1860.5,1492
25,1.642600897,1861,1491
25,1.642600897,1860.5,1490
25,1.65,1860.5,1489
25,1.65,1860.5,1488
25,1.65,1861.5,1487
25,1.642600897,1861.5,1486
25,1.642600897,1861.5,1485
25,1.642600897,1862,1484
25,1.642600897,1861,1483
25,1.635267857,1861.5,1482
25,1.635267857,1861.5,1481
25,1.642600897,1860.5,1480
25,1.642600897,1860.5,1479
25,1.635267857,1860.5,1478
25,1.642600897,1860.5,1477
25,1.642600897,1860.5,1476
25,1.642600897,1860.5,1475
25,1.635267857,1860.5,1474
25,1.635267857,1860.5,1473
25,1.642600897,1860.5,1472
25,1.642600897,1860.5,1471
25,1.642600897,1860.5,1470
25,1.642600897,1861,1469
25,1.657466063,1860.5,1468
25,1.657466063,1861,1467
25,1.657466063,1861,1466
25,1.665,1860.5,1465
25,1.665,1861,1464
25,1.657466063,1860.5,1463
25,1.657466063,1861,1462
25,1.657466063,1860,1461
25,1.657466063,1860.5,1460
25,1.657466063,1860,1459
25,1.657466063,1859.5,1458
25,1.657466063,1859,1457
25,1.657466063,1859,1456
27,7.793617021,1494,1455
25,1.65,1857.5,1455
27,7.793617021,1494,1454
25,1.642600897,1856,1454
27,7.475510204,1494,1453
25,1.642600897,1855,1453
25,1.642600897,1855,1452
25,1.628,1855.5,1451
25,1.628,1855.5,1450
25,1.628,1855,1449
25,1.628,1854,1448
25,1.62079646,1852.5,1447
25,1.628,1852.5,1446
25,1.628,1852,1445
25,1.62079646,1852,1444
25,1.642600897,1852.5,1443
25,1.65,1851.5,1442
25,1.65,1851.5,1441
25,1.642600897,1851.5,1440
25,1.657466063,1851,1439
25,1.657466063,1850.5,1438
25,1.657466063,1850,1437
25,1.657466063,1849,1436
25,1.657466063,1846.5,1435
25,1.665,1842,1434
25,1.657466063,1842,1433
25,1.657466063,1842,1432
25,1.665,1844.5,1431
25,1.635267857,1849.5,1430
25,1.628,1849.5,1429
25,1.62079646,1850,1428
25,1.628,1851.5,1427
25,1.628,1854,1426
25,1.642600897,1855.5,1425
25,1.65,1858.5,1424
25,1.657466063,1859.5,1423
25,1.65,1860,1422
25,1.680275229,1861.5,1421
25,1.67260274,1863,1420
25,1.680275229,1865,1419
25,1.711682243,1864.5,1418
25,1.744285714,1864,1417
25,1.736018957,1865.5,1416
25,1.761057692,1867,1415
25,1.77815534,1870,1414
25,1.795588235,1873,1413
25,1.736018957,1877,1412
25,1.711682243,1879.5,1411
25,1.642600897,1880.5,1410
25,1.665,1880.5,1409
25,1.665,1881.5,1408
25,1.628,1883,1407
25,1.65,1883.5,1406
25,1.599563319,1883.5,1405
25,1.57887931,1885.5,1404
25,1.558723404,1887,1403
25,1.572103004,1887,1402
25,1.599563319,1887.5,1401
25,1.70372093,1888.5,1400
25,1.77815534,1887,1399
1,1.695833333,19,1399
25,1.85,1886.5,1398
1,1.688018433,21,1398
25,1.917801047,1886.5,1397
1,1.67260274,21,1397
25,1.9078125,1886.5,1396
1,1.628,22,1396
1,1.65,23,1395
1,1.635267857,23,1394
1,1.599563319,23,1393
1,1.665,23.5,1392
1,1.613656388,24.5,1391
1,1.606578947,25,1390
1,1.552118644,27.5,1389
1,1.552118644,29,1388
1,1.565384615,32.5,1387
1,1.65,36,1386
1,1.635267857,40,1385
1,1.613656388,44.5,1384
1,1.628,48,1383
1,1.65,50.5,1382
1,1.680275229,54,1381
1,1.680275229,57,1380
1,1.680275229,58.5,1379
1,1.680275229,58,1378
1,1.67260274,59.5,1377
1,1.657466063,61,1376
1,1.665,63.5,1375
1,1.65,67.5,1374
1,1.65,75.5,1373
1,1.665,80.5,1372
1,1.680275229,87.5,1371
1,1.657466063,92.5,1370
1,1.599563319,97,1369
1,1.599563319,101.5,1368
1,1.62079646,106,1367
1,1.599563319,111.5,1366
1,1.599563319,116.5,1365
1,1.599563319,121.5,1364
1,1.62079646,126.5,1363
1,1.657466063,130,1362
1,1.657466063,131,1361
1,1.657466063,132,1360
1,1.680275229,132.5,1359
1,1.642600897,133.5,1358
1,1.635267857,137.5,1357
1,1.635267857,142.5,1356
1,1.62079646,149,1355
1,1.585714286,152,1354
1,1.572103004,154,1353
1,1.62079646,158.5,1352
1,1.70372093,163,1351
1,1.736018957,169,1350
1,1.744285714,173.5,1349
1,1.769565217,179.5,1348
1,1.77815534,184.5,1347
1,1.795588235,187,1346
1,1.82238806,190.5,1345
1,1.8315,192,1344
1,1.8315,192.5,1343
1,1.840703518,194,1342
1,1.8315,193.5,1341
1,1.85,194.5,1340
1,1.878461538,197.5,1339
1,1.897927461,199,1338
1,1.897927461,202.5,1337
1,1.927894737,208,1336
1,1.9078125,212,1335
1,1.88814433,214.5,1334
1,1.897927461,217.5,1333
1,1.868877551,220.5,1332
1,1.868877551,227.5,1331
1,1.8315,230.5,1330
1,1.85,234.5,1329
1,1.8315,234.5,1328
1,1.840703518,239,1327
1,1.859390863,240,1326
1,1.878461538,242,1325
1,1.9078125,242.5,1324
1,1.9078125,244.5,1323
1,1.948404255,245,1322
1,1.99076087,244.5,1321
1,2.023756906,246,1320
1,2.035,248,1319
1,2.012637363,250,1318
1,2.057865169,251.5,1317
1,2.08125,253,1316
1,2.08125,254,1315
1,2.129651163,255,1314
1,2.167455621,256,1313
1,2.206626506,257,1312
1,2.247239264,257.5,1311
1,2.22,259.5,1310
1,2.180357143,260.5,1309
1,2.154705882,261,1308
1,2.11734104,261.5,1307
1,2.035,260.5,1306
1,2.035,260.5,1305
1,2.069491525,261.5,1304
1,2.069491525,261,1303
1,2.11734104,262.5,1302
1,2.105172414,264,1301
1,2.012637363,264,1300
1,2.012637363,265,1299
1,2.046368715,264,1298
1,2.035,264.5,1297
1,2.069491525,267.5,1296
1,2.08125,269.5,1295
1,2.08125,273,1294
1,2.093142857,276,1293
1,2.105172414,279.5,1292
1,2.105172414,282.5,1291
1,2.093142857,285,1290
1,2.035,286.5,1289
1,2.069491525,287.5,1288
1,2.057865169,288,1287
1,2.069491525,289.5,1286
1,2.035,290.5,1285
1,1.99076087,292.5,1284
1,1.958823529,297.5,1283
1,1.927894737,298.5,1282
1,1.917801047,300,1281
1,1.88814433,302.5,1280
1,1.859390863,306,1279
1,1.840703518,308,1278
1,1.82238806,311,1277
1,1.840703518,315.5,1276
1,1.840703518,319.5,1275
1,1.82238806,324,1274
1,1.804433498,326.5,1273
1,1.813366337,332.5,1272
1,1.795588235,335.5,1271
1,1.77815534,337,1270
1,1.744285714,338.5,1269
1,1.744285714,339.5,1268
1,1.744285714,343,1267
1,1.761057692,344,1266
1,1.761057692,347,1265
1,1.769565217,348.5,1264
1,1.769565217,352,1263
1,1.752631579,353.5,1262
1,1.71971831,355,1261
1,1.711682243,356,1260
1,1.711682243,360,1259
1,1.70372093,363.5,1258
1,1.727830189,366.5,1257
1,1.744285714,373.5,1256
1,1.744285714,379.5,1255
1,1.736018957,386.5,1254
1,1.711682243,393,1253
1,1.688018433,398.5,1252
1,1.67260274,402.5,1251
1,1.67260274,403,1250
1,1.695833333,403.5,1249
1,1.67260274,405,1248
1,1.695833333,405,1247
1,1.769565217,407,1246
1,1.761057692,408.5,1245
1,1.70372093,413,1244
1,1.67260274,417.5,1243
1,1.635267857,421.5,1242
1,1.642600897,424.5,1241
1,1.62079646,427,1240
1,1.613656388,428.5,1239
1,1.628,430.5,1238
1,1.65,433,1237
1,1.628,434.5,1236
1,1.628,437.5,1235
1,1.65,439.5,1234
1,1.688018433,447.5,1233
1,1.711682243,450.5,1232
1,1.688018433,455,1231
1,1.665,456,1230
1,1.657466063,456,1229
1,1.657466063,457,1228
1,1.657466063,458,1227
18,7.963043478,1494,1226
1,1.67260274,460,1226
18,7.963043478,1494,1225
1,1.680275229,459.5,1225
18,7.963043478,1493.5,1224
1,1.657466063,461.5,1224
18,7.963043478,1493.5,1223
1,1.665,462.5,1223
18,7.963043478,1493.5,1222
1,1.680275229,462.5,1222
18,7.63125,1493,1221
1,1.65,464.5,1221
18,7.63125,1493,1220
1,1.642600897,464,1220
18,7.63125,1493,1219
1,1.642600897,464,1219
18,7.475510204,1493,1218
1,1.642600897,464,1218
18,7.63125,1493,1217
1,1.642600897,463,1217
18,7.63125,1493,1216
1,1.642600897,461,1216
18,7.475510204,1493,1215
1,1.65,459.5,1215
18,7.475510204,1493,1214
1,1.642600897,457,1214
18,7.63125,1493,1213
1,1.635267857,455.5,1213
18,7.63125,1492.5,1212
1,1.628,454,1212
18,7.63125,1492.5,1211
1,1.628,452.5,1211
18,7.63125,1492.5,1210
1,1.62079646,449.5,1210
18,7.63125,1492.5,1209
1,1.606578947,449.5,1209
18,7.475510204,1493,1208
1,1.606578947,448.5,1208
18,7.475510204,1493,1207
1,1.613656388,448,1207
18,7.326,1493,1206
1,1.606578947,447,1206
18,7.326,1493,1205
1,1.599563319,446.5,1205
18,7.475510204,1493,1204
1,1.62079646,445,1204
18,7.475510204,1493,1203
1,1.635267857,442,1203
18,7.63125,1493,1202
1,1.628,436.5,1202
18,7.63125,1493,1201
1,1.657466063,435.5,1201
18,7.63125,1493,1200
1,1.65,433.5,1200
18,7.63125,1493,1199
1,1.65,433,1199
18,7.63125,1493,1198
1,1.665,432.5,1198
18,7.475510204,1493,1197
1,1.680275229,432,1197
18,7.475510204,1492.5,1196
1,1.680275229,432,1196
18,7.475510204,1493,1195
1,1.680275229,431.5,1195
18,7.475510204,1492.5,1194
1,1.680275229,431.5,1194
18,7.475510204,1492.5,1193
1,1.680275229,432.5,1193
18,7.475510204,1492.5,1192
1,1.67260274,432.5,1192
18,7.63125,1493,1191
1,1.67260274,432,1191
18,7.63125,1493,1190
1,1.665,432,1190
18,7.793617021,1493,1189
1,1.657466063,431.5,1189
18,7.793617021,1492.5,1188
1,1.642600897,432.5,1188
18,7.793617021,1492.5,1187
1,1.642600897,433,1187
18,7.793617021,1493,1186
1,1.657466063,433,1186
18,7.793617021,1492.5,1185
1,1.67260274,432.5,1185
18,7.963043478,1492.5,1184
1,1.67260274,432,1184
18,7.963043478,1493,1183
1,1.67260274,432,1183
18,7.963043478,1493.5,1182
1,1.67260274,432,1182
18,7.963043478,1493.5,1181
1,1.665,432,1181
18,7.963043478,1493,1180
1,1.67260274,432,1180
18,8.14,1492.5,1179
1,1.680275229,432.5,1179
18,8.14,1493,1178
1,1.688018433,434,1178
18,8.14,1493,1177
1,1.688018433,435,1177
18,7.963043478,1493.5,1176
1,1.680275229,435,1176
18,7.793617021,1493.5,1175
1,1.680275229,434.5,1175
18,7.793617021,1493.5,1174
1,1.680275229,434,1174
1,1.680275229,434,1173
1,1.680275229,434,1172
1,1.680275229,433.5,1171
1,1.680275229,434,1170
1,1.688018433,434,1169
1,1.688018433,434.5,1168
1,1.688018433,434.5,1167
1,1.688018433,434.5,1166
1,1.688018433,434.5,1165
1,1.680275229,434.5,1164
1,1.680275229,434.5,1163
1,1.680275229,434.5,1162
1,1.67260274,434,1161
1,1.67260274,433.5,1160
1,1.67260274,433.5,1159
1,1.67260274,433.5,1158
1,1.67260274,433.5,1157
1,1.680275229,433.5,1156
1,1.688018433,433.5,1155
1,1.688018433,434,1154
18,7.63125,1493.5,1153
1,1.688018433,433.5,1153
18,7.63125,1493.5,1152
1,1.688018433,433,1152
18,7.475510204,1493.5,1151
1,1.695833333,433.5,1151
18,7.475510204,1493.5,1150
1,1.695833333,433.5,1150
18,7.475510204,1493.5,1149
1,1.695833333,434,1149
18,7.475510204,1493.5,1148
1,1.688018433,434,1148
18,7.63125,1493,1147
1,1.688018433,434,1147
18,7.63125,1493.5,1146
1,1.688018433,435,1146
18,7.63125,1493.5,1145
1,1.688018433,434,1145
18,7.793617021,1493,1144
1,1.688018433,435,1144
18,7.63125,1493,1143
1,1.688018433,434.5,1143
18,7.63125,1493,1142
1,1.688018433,434.5,1142
18,7.63125,1493.5,1141
1,1.67260274,434.5,1141
18,7.793617021,1493.5,1140
1,1.635267857,434.5,1140
1,1.65,434.5,1139
1,1.680275229,433,1138
1,1.657466063,433,1137
1,1.628,432,1136
1,1.62079646,432.5,1135
1,1.628,432.5,1134
1,1.635267857,432,1133
1,1.642600897,431.5,1132
1,1.67260274,430.5,1131
18,7.63125,1493,1130
1,1.665,431,1130
18,7.63125,1493,1129
1,1.680275229,431,1129
18,7.793617021,1493,1128
1,1.67260274,431,1128
18,7.963043478,1493,1127
1,1.67260274,431,1127
18,7.793617021,1493,1126
1,1.67260274,430.5,1126
18,7.793617021,1493,1125
1,1.665,430.5,1125
18,7.63125,1493,1124
1,1.67260274,431,1124
18,7.63125,1493,1123
1,1.665,431,1123
18,7.63125,1493,1122
1,1.657466063,431,1122
18,7.63125,1493.5,1121
1,1.657466063,431,1121
18,7.63125,1493.5,1120
1,1.657466063,430.5,1120
18,7.63125,1493,1119
1,1.65,430.5,1119
18,7.63125,1493,1118
1,1.642600897,430,1118
18,7.63125,1493,1117
1,1.65,430,1117
18,7.63125,1493,1116
1,1.65,430.5,1116
18,7.475510204,1493,1115
1,1.657466063,430.5,1115
18,7.475510204,1493,1114
1,1.657466063,431.5,1114
18,7.475510204,1493,1113
1,1.65,432.5,1113
18,7.475510204,1493,1112
1,1.613656388,434,1112
18,7.475510204,1493,1111
1,1.628,436.5,1111
18,7.475510204,1493,1110
1,1.635267857,440,1110
18,7.475510204,1493,1109
1,1.635267857,447,1109
18,7.63125,1493,1108
1,1.62079646,449.5,1108
1,1.628,452,1107
1,1.62079646,453,1106
1,1.613656388,455,1105
1,1.628,456.5,1104
18,7.63125,1493,1103
1,1.657466063,458,1103
18,7.63125,1493,1102
1,1.657466063,459,1102
18,7.63125,1493,1101
1,1.657466063,460,1101
1,1.657466063,461,1100
1,1.635267857,462.5,1099
1,1.65,464,1098
1,1.657466063,464.5,1097
1,1.635267857,465.5,1096
1,1.635267857,467.5,1095
1,1.642600897,469.5,1094
1,1.67260274,472,1093
1,1.65,474.5,1092
1,1.62079646,476,1091
18,7.63125,1493.5,1090
1,1.606578947,476.5,1090
18,7.793617021,1493.5,1089
1,1.599563319,477,1089
18,7.63125,1493.5,1088
1,1.599563319,477.5,1088
18,7.63125,1493.5,1087
1,1.592608696,477,1087
18,7.793617021,1492.5,1086
1,1.585714286,476.5,1086
18,7.793617021,1492.5,1085
1,1.592608696,476,1085
18,7.963043478,1493,1084
1,1.606578947,475.5,1084
18,7.793617021,1492.5,1083
1,1.613656388,476,1083
18,7.793617021,1492,1082
1,1.592608696,476.5,1082
18,7.793617021,1492,1081
1,1.592608696,475.5,1081
18,7.793617021,1492,1080
1,1.606578947,475,1080
18,7.963043478,1492,1079
1,1.599563319,474.5,1079
18,7.963043478,1492,1078
1,1.606578947,474.5,1078
18,7.963043478,1492.5,1077
1,1.606578947,473.5,1077
1,1.599563319,473.5,1076
1,1.606578947,473.5,1075
1,1.606578947,473,1074
1,1.613656388,472.5,1073
1,1.62079646,472.5,1072
1,1.628,472.5,1071
1,1.635267857,473,1070
18,8.14,1492.5,1069
1,1.657466063,472.5,1069
18,8.14,1493,1068
1,1.657466063,472.5,1068
18,8.14,1492.5,1067
1,1.642600897,472.5,1067
18,7.963043478,1493,1066
1,1.642600897,472.5,1066
1,1.628,473,1065
18,7.963043478,1493,1064
1,1.613656388,473,1064
18,7.793617021,1493,1063
1,1.613656388,473.5,1063
18,7.793617021,1493,1062
1,1.628,473,1062
18,7.793617021,1493,1061
1,1.635267857,473.5,1061
18,7.63125,1493,1060
1,1.635267857,473.5,1060
18,7.63125,1493,1059
1,1.635267857,473.5,1059
18,7.63125,1493,1058
1,1.62079646,473.5,1058
1,1.628,473.5,1057
1,1.628,473.5,1056
1,1.628,473.5,1055
1,1.635267857,474.5,1054
18,7.63125,1493.5,1053
1,1.635267857,474.5,1053
18,7.63125,1493.5,1052
1,1.635267857,474,1052
1,1.635267857,474,1051
18,7.63125,1493,1050
1,1.65,474,1050
18,7.63125,1493,1049
1,1.65,474,1049
18,7.63125,1493,1048
1,1.65,474,1048
18,7.63125,1493,1047
1,1.642600897,473.5,1047
18,7.63125,1493.5,1046
1,1.65,474,1046
18,7.63125,1493.5,1045
1,1.642600897,474,1045
18,7.63125,1493,1044
1,1.642600897,474,1044
1,1.65,474,1043
1,1.65,474,1042
1,1.642600897,474,1041
1,1.65,474,1040
18,7.475510204,1493.5,1039
1,1.67260274,474,1039
18,7.475510204,1493.5,1038
1,1.657466063,473.5,1038
18,7.63125,1493.5,1037
1,1.657466063,473,1037
18,7.793617021,1493.5,1036
1,1.65,473,1036
18,7.793617021,1493.5,1035
1,1.628,473.5,1035
1,1.635267857,473,1034
1,1.628,473.5,1033
1,1.613656388,473,1032
1,1.62079646,473.5,1031
18,8.325,1494,1030
1,1.606578947,474,1030
18,8.325,1494,1029
1,1.606578947,472,1029
1,1.62079646,470.5,1028
1,1.613656388,469,1027
1,1.599563319,468.5,1026
18,8.325,1498,1025
1,1.592608696,468,1025
18,8.14,1498,1024
1,1.599563319,467.5,1024
1,1.592608696,466.5,1023
1,1.585714286,466,1022
1,1.62079646,466.5,1021
1,1.606578947,464.5,1020
1,1.606578947,466,1019
1,1.585714286,466.5,1018
1,1.585714286,468,1017
1,1.585714286,471,1016
1,1.585714286,474,1015
1,1.592608696,475.5,1014
1,1.57887931,481,1013
1,1.599563319,484.5,1012
1,1.592608696,488,1011
1,1.558723404,491,1010
1,1.558723404,493.5,1009
1,1.558723404,495.5,1008
1,1.552118644,496,1007
1,1.552118644,496,1006
1,1.53907563,498,1005
1,1.558723404,499,1004
1,1.53907563,499,1003
1,1.532635983,500,1002
1,1.53907563,501,1001
1,1.552118644,502,1000
1,1.54556962,504,999
1,1.558723404,507,998
1,1.57887931,511.5,997
1,1.565384615,519,996
1,1.532635983,522.5,995
1,1.52625,526,994
1,1.532635983,529.5,993
1,1.532635983,532,992
1,1.53907563,535,991
1,1.558723404,540.5,990
1,1.558723404,545,989
1,1.572103004,550.5,988
1,1.585714286,556.5,987
1,1.592608696,561.5,986
1,1.57887931,563.5,985
1,1.592608696,566,984
1,1.592608696,568.5,983
1,1.606578947,570,982
18,7.793617021,1495.5,981
1,1.62079646,571,981
18,7.63125,1495.5,980
1,1.635267857,571.5,980
1,1.657466063,573,979
1,1.727830189,576.5,978
1,1.71971831,581,977
1,1.62079646,586,976
1,1.65,594,975
1,1.642600897,597,974
1,1.65,600,973
1,1.665,606.5,972
1,1.680275229,615.5,971
1,1.744285714,621,970
1,1.71971831,626,969
1,1.711682243,629.5,968
1,1.727830189,631.5,967
1,1.744285714,634,966
1,1.77815534,639.5,965
1,1.769565217,641,964
1,1.804433498,642.5,963
1,1.88814433,643.5,962
1,1.897927461,646.5,961
1,1.88814433,649,960
1,1.85,653.5,959
1,1.9078125,659.5,958
18,7.63125,1496.5,957
1,1.9078125,667,957
19,11.81612903,547,956
18,7.793617021,1496.5,956
1,1.9078125,669.5,956
19,11.81612903,547,955
1,1.85,671.5,955
19,11.81612903,547,954
1,1.840703518,675.5,954
19,11.81612903,547,953
1,1.859390863,677.5,953
1,1.878461538,679.5,952
1,1.9078125,681.5,951
1,1.917801047,683.5,950
1,1.917801047,686.5,949
1,1.85,688,948
19,11.81612903,547.5,947
1,1.878461538,691.5,947
19,11.81612903,547.5,946
1,1.927894737,696,946
19,12.21,547.5,945
1,2.001639344,697.5,945
1,2.046368715,699,944
1,2.023756906,700.5,943
1,2.012637363,702,942
1,2.069491525,701.5,941
1,1.958823529,703.5,940
19,12.63103448,547.5,939
1,2.012637363,705,939
19,13.56666667,547,938
1,1.98,707,938
19,13.56666667,547.5,937
1,1.927894737,709.5,937
19,13.56666667,547.5,936
1,1.969354839,713,936
19,13.56666667,547.5,935
1,1.897927461,715.5,935
19,13.56666667,547.5,934
1,1.938095238,716.5,934
19,13.56666667,547,933
1,2.023756906,719.5,933
19,13.08214286,547.5,932
1,2.057865169,722,932
19,13.08214286,547.5,931
1,2.069491525,724.5,931
1,2.167455621,726.5,930
1,2.22,728,929
1,2.035,729,928
1,2.11734104,729.5,927
1,2.129651163,731.5,926
1,2.180357143,731.5,925
1,2.180357143,733,924
1,2.378571429,733.5,923
1,2.035,735,922
1,1.969354839,736,921
1,1.969354839,739.5,920
1,2.035,739.5,919
1,1.917801047,740,918
1,1.969354839,741.5,917
1,2.012637363,742,916
1,2.012637363,743.5,915
1,1.99076087,746.5,914
1,2.012637363,749,913
1,2.012637363,749.5,912
1,2.023756906,751.5,911
1,2.105172414,755,910
1,2.093142857,757,909
1,2.023756906,758,908
18,7.475510204,1498.5,907
1,2.093142857,760.5,907
18,7.63125,1498.5,906
1,2.023756906,761.5,906
18,7.475510204,1497.5,905
1,2.001639344,765,905
18,7.475510204,1497.5,904
1,1.948404255,765,904
1,1.938095238,767.5,903
1,1.917801047,769,902
1,1.9078125,770,901
1,1.897927461,772,900
1,1.897927461,774,899
1,1.917801047,779.5,898
1,1.917801047,783.5,897
1,1.9078125,786,896
1,1.878461538,788.5,895
1,1.85,791,894
1,1.85,792.5,893
1,1.82238806,795,892
1,1.813366337,796.5,891
1,1.82238806,800,890
1,1.804433498,802,889
1,1.795588235,803,888
1,1.804433498,805,887
1,1.77815534,808.5,886
1,1.795588235,816,885
1,1.761057692,821,884
1,1.744285714,822,883
1,1.71971831,824,882
1,1.727830189,827,881
1,1.736018957,830,880
1,1.744285714,833,879
1,1.736018957,838,878
1,1.744285714,842.5,877
1,1.736018957,848,876
1,1.736018957,852,875
1,1.71971831,854,874
1,1.70372093,858.5,873
1,1.70372093,859.5,872
1,1.695833333,861.5,871
1,1.70372093,863.5,870
1,1.71971831,863.5,869
1,1.70372093,866,868
1,1.665,869,867
1,1.65,872.5,866
1,1.628,875.5,865
1,1.62079646,879,864
1,1.585714286,880,863
1,1.552118644,882.5,862
1,1.552118644,889,861
1,1.53907563,890,860
1,1.552118644,893,859
1,1.565384615,897.5,858
1,1.592608696,902,857
1,1.606578947,906.5,856
1,1.606578947,910,855
1,1.606578947,909.5,854
1,1.613656388,911,853
1,1.628,912.5,852
1,1.635267857,913.5,851
1,1.613656388,915,850
1,1.606578947,921.5,849
1,1.592608696,919,848
1,1.599563319,922.5,847
1,1.62079646,923.5,846
1,1.62079646,925,845
1,1.613656388,926.5,844
1,1.606578947,927,843
1,1.606578947,928.5,842
1,1.613656388,928.5,841
1,1.592608696,928,840
1,1.572103004,927,839
1,1.558723404,926.5,838
1,1.552118644,926,837
1,1.54556962,925,836
1,1.54556962,924,835
1,1.565384615,924.5,834
1,1.565384615,924,833
1,1.558723404,924,832
1,1.558723404,924,831
1,1.558723404,924,830
1,1.558723404,924.5,829
1,1.565384615,924,828
1,1.565384615,924,827
1,1.565384615,923,826
1,1.565384615,923.5,825
1,1.565384615,923.5,824
1,1.565384615,923.5,823
1,1.565384615,923.5,822
1,1.572103004,924,821
1,1.565384615,924,820
1,1.565384615,923.5,819
1,1.565384615,923.5,818
1,1.558723404,923,817
1,1.565384615,922.5,816
1,1.565384615,922.5,815
1,1.565384615,922,814
1,1.565384615,922,813
1,1.558723404,922,812
1,1.558723404,921.5,811
1,1.558723404,921.5,810
1,1.558723404,921.5,809
1,1.558723404,921.5,808
1,1.552118644,921,807
1,1.552118644,920.5,806
1,1.552118644,920.5,805
1,1.552118644,920,804
1,1.558723404,920.5,803
1,1.558723404,921,802
1,1.558723404,922,801
1,1.558723404,922,800
1,1.558723404,921.5,799
1,1.552118644,921.5,798
1,1.552118644,922,797
1,1.558723404,921.5,796
1,1.552118644,921.5,795
1,1.552118644,921.5,794
1,1.552118644,921.5,793
1,1.552118644,921.5,792
1,1.558723404,922.5,791
1,1.558723404,922.5,790
1,1.558723404,922.5,789
1,1.565384615,923,788
1,1.565384615,922.5,787
1,1.565384615,922,786
1,1.565384615,922.5,785
1,1.565384615,922.5,784
1,1.565384615,922.5,783
1,1.565384615,922,782
1,1.565384615,921,781
1,1.558723404,920.5,780
1,1.552118644,920.5,779
1,1.552118644,919.5,778
1,1.552118644,919,777
1,1.552118644,919,776
1,1.552118644,919,775
1,1.552118644,918.5,774
1,1.552118644,918.5,773
1,1.552118644,918.5,772
1,1.552118644,919.5,771
1,1.54556962,918.5,770
1,1.54556962,919.5,769
1,1.53907563,918.5,768
1,1.54556962,918,767
1,1.53907563,917,766
1,1.53907563,918.5,765
1,1.532635983,918.5,764
1,1.532635983,918.5,763
1,1.532635983,918.5,762
1,1.52625,918,761
1,1.52625,918,760
1,1.52625,917.5,759
1,1.52625,917.5,758
1,1.532635983,917,757
1,1.532635983,916.5,756
1,1.53907563,917.5,755
1,1.54556962,917.5,754
1,1.54556962,918,753
1,1.54556962,918.5,752
1,1.552118644,919.5,751
1,1.54556962,920,750
1,1.54556962,922,749
1,1.552118644,923,748
1,1.54556962,924,747
1,1.54556962,925,746
1,1.54556962,925,745
1,1.54556962,925,744
1,1.54556962,925,743
1,1.53907563,925.5,742
1,1.54556962,925.5,741
1,1.552118644,927.5,740
1,1.552118644,928.5,739
1,1.558723404,928.5,738
1,1.558723404,928.5,737
1,1.558723404,929.5,736
1,1.565384615,929.5,735
1,1.552118644,929,734
1,1.552118644,929,733
1,1.552118644,929,732
1,1.552118644,929,731
1,1.552118644,928,730
1,1.552118644,926.5,729
1,1.54556962,925.5,728
1,1.552118644,923,727
1,1.552118644,921.5,726
1,1.552118644,918.5,725
1,1.565384615,916.5,724
1,1.565384615,914,723
1,1.572103004,912.5,722
1,1.552118644,911.5,721
1,1.558723404,911,720
1,1.558723404,910,719
1,1.54556962,909.5,718
1,1.552118644,909.5,717
1,1.552118644,908.5,716
1,1.552118644,907.5,715
1,1.552118644,906,714
1,1.558723404,903.5,713
1,1.572103004,900,712
1,1.57887931,899,711
1,1.585714286,897,710
1,1.585714286,896,709
1,1.599563319,895.5,708
1,1.613656388,893.5,707
1,1.613656388,893.5,706
1,1.613656388,893,705
1,1.613656388,893.5,704
1,1.613656388,894.5,703
1,1.613656388,896,702
1,1.606578947,896.5,701
1,1.606578947,896.5,700
1,1.606578947,897,699
1,1.599563319,896.5,698
1,1.585714286,895.5,697
1,1.57887931,894,696
1,1.585714286,893.5,695
1,1.585714286,892.5,694
1,1.585714286,891.5,693
1,1.599563319,890.5,692
1,1.606578947,890,691
1,1.606578947,889,690
1,1.606578947,889,689
1,1.613656388,888,688
1,1.62079646,885.5,687
1,1.65,880.5,686
1,1.65,880.5,685
1,1.65,880.5,684
1,1.657466063,880,683
1,1.657466063,880,682
1,1.657466063,879,681
1,1.657466063,879,680
1,1.657466063,878.5,679
1,1.657466063,878.5,678
1,1.657466063,878,677
1,1.657466063,878,676
1,1.657466063,877.5,675
1,1.657466063,877.5,674
1,1.65,877,673
1,1.65,876.5,672
1,1.642600897,876,671
1,1.635267857,876,670
1,1.635267857,876,669
1,1.628,875.5,668
1,1.635267857,875,667
1,1.635267857,875.5,666
1,1.635267857,875.5,665
1,1.642600897,875,664
1,1.642600897,875,663
1,1.642600897,874.5,662
1,1.635267857,874.5,661
1,1.635267857,874,660
1,1.635267857,873.5,659
1,1.635267857,873.5,658
1,1.635267857,874,657
1,1.628,873.5,656
1,1.628,874.5,655
1,1.628,874.5,654
1,1.62079646,874.5,653
1,1.62079646,874.5,652
1,1.628,874.5,651
1,1.635267857,874,650
1,1.635267857,874.5,649
1,1.635267857,874.5,648
1,1.65,875.5,647
1,1.65,875.5,646
1,1.65,875,645
1,1.65,874.5,644
1,1.642600897,875,643
1,1.642600897,875,642
1,1.65,875,641
1,1.65,875.5,640
1,1.642600897,875.5,639
1,1.642600897,875.5,638
1,1.642600897,874.5,637
1,1.635267857,874.5,636
1,1.635267857,874.5,635
1,1.635267857,874.5,634
1,1.635267857,874.5,633
1,1.635267857,873.5,632
1,1.62079646,871,631
1,1.62079646,870,630
1,1.628,870.5,629
1,1.628,870,628
1,1.62079646,869,627
1,1.628,869,626
1,1.635267857,868.5,625
1,1.628,867.5,624
1,1.628,866.5,623
1,1.628,865.5,622
1,1.628,863,621
1,1.628,863,620
1,1.628,863,619
1,1.628,863,618
1,1.62079646,861,617
1,1.613656388,859.5,616
1,1.613656388,859.5,615
1,1.599563319,859.5,614
1,1.599563319,860.5,613
1,1.606578947,860,612
1,1.592608696,860.5,611
1,1.592608696,859,610
1,1.585714286,858,609
1,1.592608696,858.5,608
1,1.599563319,858.5,607
1,1.606578947,860,606
1,1.599563319,861,605
1,1.599563319,861.5,604
1,1.592608696,862,603
1,1.592608696,862.5,602
1,1.599563319,863.5,601
1,1.606578947,865.5,600
1,1.606578947,867,599
1,1.606578947,867.5,598
1,1.599563319,869,597
1,1.592608696,868.5,596
1,1.592608696,869,595
1,1.592608696,871.5,594
1,1.592608696,874.5,593
1,1.606578947,877,592
9,15.92608696,1259,591
1,1.606578947,878.5,591
9,15.92608696,1259,590
1,1.57887931,880,590
12,7.475510204,1500,589
9,16.65,1259,589
1,1.585714286,882,589
12,7.475510204,1500,588
1,1.606578947,888.5,588
12,7.475510204,1500,587
1,1.592608696,891.5,587
12,7.475510204,1500,586
1,1.592608696,895,586
12,7.475510204,1500,585
1,1.613656388,899,585
1,1.613656388,902.5,584
1,1.62079646,907.5,583
1,1.628,911.5,582
1,1.635267857,912,581
1,1.613656388,914,580
1,1.606578947,916.5,579
1,1.606578947,918,578
1,1.628,918.5,577
1,1.62079646,919,576
1,1.642600897,920.5,575
1,1.665,927.5,574
1,1.642600897,931.5,573
1,1.606578947,936,572
1,1.592608696,940,571
1,1.572103004,943,570
1,1.572103004,947,569
1,1.572103004,951.5,568
9,18.315,1263.5,567
1,1.599563319,956,567
9,18.315,1263.5,566
1,1.62079646,963,566
9,17.44285714,1263.5,565
1,1.62079646,968,565
9,17.44285714,1264,564
1,1.613656388,973.5,564
9,17.44285714,1264.5,563
1,1.606578947,979,563
9,17.44285714,1265,562
1,1.62079646,983.5,562
1,1.585714286,989,561
1,1.552118644,991,560
1,1.558723404,992.5,559
9,17.44285714,1266.5,558
1,1.572103004,993.5,558
12,7.475510204,1502,557
9,17.44285714,1267.5,557
1,1.585714286,993,557
12,7.475510204,1502,556
9,16.65,1268.5,556
1,1.585714286,995,556
9,16.65,1268.5,555
1,1.592608696,996.5,555
9,15.92608696,1269.5,554
1,1.57887931,997.5,554
9,15.92608696,1269.5,553
1,1.57887931,999.5,553
1,1.592608696,1004,552
1,1.57887931,1005,551
1,1.592608696,1010.5,550
1,1.599563319,1024.5,549
1,1.642600897,1034.5,548
1,1.606578947,1035.5,547
1,1.613656388,1038.5,546
1,1.62079646,1041,545
1,1.628,1048,544
1,1.635267857,1055,543
9,16.65,1280.5,542
1,1.665,1059,542
9,16.65,1281,541
1,1.665,1064,541
1,1.688018433,1067.5,540
1,1.711682243,1067.5,539
9,14.652,1282.5,538
1,1.859390863,1069,538
9,15.2625,1283,537
1,1.695833333,1075.5,537
9,15.2625,1283.5,536
1,1.688018433,1078,536
9,15.2625,1283.5,535
1,1.688018433,1082.5,535
9,15.2625,1284,534
1,1.695833333,1086,534
9,15.2625,1284.5,533
1,1.736018957,1088.5,533
9,17.44285714,1284.5,532
1,1.761057692,1092.5,532
9,18.315,1285,531
1,1.77815534,1095.5,531
9,17.44285714,1285.5,530
1,1.786829268,1099,530
9,17.44285714,1286,529
1,1.82238806,1104.5,529
9,16.65,1286.5,528
1,1.859390863,1111,528
9,16.65,1287,527
1,1.8315,1113.5,527
9,16.65,1287,526
1,1.804433498,1116.5,526
9,15.92608696,1287,525
1,1.804433498,1118.5,525
9,16.65,1287.5,524
1,1.813366337,1121,524
1,1.82238806,1122,523
1,1.82238806,1124,522
1,1.8315,1126.5,521
1,1.8315,1128.5,520
1,1.8315,1130.5,519
1,1.859390863,1134,518
1,1.85,1138,517
1,1.85,1142.5,516
1,1.868877551,1146.5,515
1,1.868877551,1150.5,514
1,1.85,1154,513
1,1.85,1157.5,512
1,1.85,1160.5,511
1,1.85,1162,510
1,1.840703518,1166,509
1,1.8315,1168.5,508
1,1.82238806,1170.5,507
1,1.8315,1173.5,506
1,1.82238806,1175.5,505
1,1.82238806,1179,504
1,1.840703518,1184,503
1,1.85,1184.5,502
1,1.85,1185,501
1,1.85,1185,500
1,1.878461538,1187.5,499
1,1.88814433,1189,498
1,1.897927461,1190.5,497
1,1.897927461,1191,496
1,1.897927461,1193,495
1,1.9078125,1195,494
1,1.927894737,1197.5,493
1,1.948404255,1201,492
1,1.948404255,1202,491
1,1.969354839,1205,490
1,1.969354839,1206.5,489
1,1.958823529,1207,488
1,2.023756906,1209,487
9,16.65,1314.5,486
1,2.069491525,1209.5,486
9,16.65,1315,485
1,2.167455621,1214,485
9,16.65,1315,484
1,2.180357143,1214.5,484
9,16.65,1316,483
1,2.142105263,1214,483
9,16.65,1316,482
1,2.193413174,1216,482
9,15.92608696,1316.5,481
1,2.233536585,1218.5,481
9,15.92608696,1316.5,480
1,2.180357143,1218.5,480
9,15.92608696,1316.5,479
1,2.08125,1220.5,479
9,15.92608696,1317,478
1,2.08125,1223,478
9,16.65,1317.5,477
1,2.057865169,1224,477
1,2.046368715,1223.5,476
1,2.023756906,1225,475
9,15.92608696,1319,474
1,2.023756906,1227.5,474
9,15.2625,1319.5,473
1,2.035,1230,473
9,14.652,1319.5,472
1,2.012637363,1231,472
9,15.2625,1320,471
1,2.012637363,1232,471
9,14.652,1320,470
1,2.012637363,1235,470
9,14.652,1320,469
1,2.023756906,1239,469
9,14.08846154,1321,468
1,2.012637363,1240.5,468
9,14.08846154,1321.5,467
1,1.99076087,1243,467
1,1.958823529,1244,466
9,14.652,1323.5,465
1,1.969354839,1246,465
9,14.652,1324,464
1,2.001639344,1246.5,464
9,14.652,1324.5,463
1,1.99076087,1247,463
9,14.08846154,1325,462
1,1.99076087,1249,462
1,1.98,1252.5,461
1,1.958823529,1258.5,460
1,1.927894737,1261,459
1,1.927894737,1264,458
1,1.897927461,1264,457
1,1.878461538,1266,456
1,1.85,1267.5,455
1,1.840703518,1269,454
1,1.82238806,1270,453
1,1.813366337,1272,452
1,1.795588235,1275,451
1,1.795588235,1279.5,450
1,1.77815534,1281,449
1,1.769565217,1287,448
1,1.752631579,1289.5,447
1,1.752631579,1293,446
1,1.752631579,1294.5,445
1,1.769565217,1296.5,444
1,1.744285714,1298,443
1,1.752631579,1299.5,442
1,1.744285714,1300.5,441
1,1.744285714,1303,440
1,1.744285714,1307.5,439
1,1.736018957,1309,438
1,1.744285714,1311,437
1,1.744285714,1315,436
1,1.744285714,1317,435
1,1.727830189,1319,434
1,1.744285714,1320.5,433
1,1.761057692,1324,432
1,1.752631579,1327.5,431
1,1.71971831,1334.5,430
1,1.711682243,1339,429
1,1.70372093,1343.5,428
1,1.70372093,1347,427
1,1.665,1350.5,426
1,1.680275229,1351.5,425
1,1.70372093,1352,424
1,1.665,1351.5,423
1,1.688018433,1351.5,422
1,1.688018433,1351,421
1,1.70372093,1352,420
1,1.71971831,1356,419
1,1.680275229,1359.5,418
1,1.665,1364.5,417
1,1.65,1368.5,416
1,1.592608696,1371,415
1,1.565384615,1374.5,414
1,1.565384615,1374,413
1,1.572103004,1378,412
1,1.572103004,1378.5,411
1,1.57887931,1381,410
1,1.606578947,1382.5,409
1,1.606578947,1385,408
1,1.606578947,1387.5,407
1,1.592608696,1389,406
1,1.613656388,1391,405
1,1.606578947,1393,404
1,1.613656388,1393,403
1,1.606578947,1394,402
1,1.599563319,1395.5,401
1,1.613656388,1395.5,400
1,1.613656388,1396,399
1,1.628,1398.5,398
1,1.613656388,1400,397
1,1.606578947,1405,396
1,1.592608696,1405,395
1,1.592608696,1405,394
1,1.57887931,1405.5,393
1,1.57887931,1405,392
1,1.572103004,1406.5,391
1,1.572103004,1407,390
1,1.565384615,1407.5,389
1,1.565384615,1408,388
1,1.565384615,1407.5,387
1,1.565384615,1407.5,386
1,1.558723404,1407.5,385
1,1.558723404,1407,384
1,1.558723404,1406,383
1,1.552118644,1406.5,382
1,1.552118644,1406,381
1,1.552118644,1405,380
1,1.552118644,1405,379
1,1.558723404,1405,378
1,1.565384615,1405,377
1,1.565384615,1404,376
1,1.565384615,1404,375
1,1.565384615,1404,374
1,1.565384615,1404,373
1,1.565384615,1404.5,372
1,1.558723404,1404,371
1,1.558723404,1404,370
1,1.565384615,1404,369
1,1.565384615,1404,368
1,1.565384615,1404,367
1,1.572103004,1404,366
1,1.572103004,1403.5,365
1,1.57887931,1402,364
1,1.599563319,1399,363
1,1.599563319,1399,362
1,1.599563319,1399,361
1,1.585714286,1399.5,360
1,1.585714286,1399.5,359
1,1.57887931,1401,358
1,1.552118644,1404,357
1,1.552118644,1404.5,356
1,1.552118644,1404.5,355
1,1.558723404,1404.5,354
1,1.565384615,1403.5,353
1,1.572103004,1403.5,352
1,1.57887931,1402.5,351
1,1.599563319,1399,350
1,1.599563319,1399,349
1,1.599563319,1399.5,348
1,1.599563319,1399,347
1,1.599563319,1399.5,346
1,1.599563319,1399.5,345
1,1.599563319,1399.5,344
1,1.599563319,1399.5,343
1,1.599563319,1399.5,342
1,1.599563319,1399.5,341
1,1.592608696,1400,340
1,1.585714286,1401,339
1,1.565384615,1404,338
1,1.565384615,1404,337
1,1.565384615,1404,336
1,1.565384615,1404,335
1,1.565384615,1404,334
1,1.572103004,1404.5,333
1,1.572103004,1404.5,332
1,1.572103004,1403.5,331
1,1.572103004,1403.5,330
1,1.57887931,1402.5,329
1,1.592608696,1399.5,328
1,1.585714286,1401,327
1,1.558723404,1404,326
1,1.558723404,1404,325
1,1.558723404,1404,324
1,1.552118644,1404,323
1,1.552118644,1404,322
1,1.558723404,1404,321
1,1.565384615,1404,320
1,1.565384615,1404,319
1,1.565384615,1404,318
1,1.565384615,1404,317
1,1.565384615,1404,316
1,1.565384615,1404,315
1,1.565384615,1404,314
1,1.565384615,1404,313
1,1.565384615,1404,312
1,1.565384615,1404.5,311
1,1.565384615,1404,310
1,1.565384615,1404,309
1,1.572103004,1404,308
1,1.572103004,1404,307
1,1.572103004,1403,306
1,1.592608696,1400.5,305
1,1.572103004,1403,304
1,1.585714286,1400.5,303
1,1.572103004,1403.5,302
1,1.57887931,1402,301
1,1.585714286,1399,300
1,1.585714286,1399.5,299
1,1.585714286,1400.5,298
1,1.572103004,1404,297
1,1.572103004,1404,296
1,1.572103004,1403,295
1,1.57887931,1400.5,294
1,1.565384615,1403.5,293
1,1.57887931,1401.5,292
1,1.585714286,1398,291
1,1.585714286,1398,290
1,1.592608696,1398,289
1,1.592608696,1398.5,288
1,1.592608696,1398.5,287
1,1.585714286,1399,286
1,1.585714286,1400.5,285
1,1.572103004,1404.5,284
1,1.572103004,1404,283
1,1.585714286,1404,282
1,1.57887931,1404,281
1,1.57887931,1405,280
1,1.57887931,1404.5,279
1,1.572103004,1404.5,278
1,1.565384615,1404.5,277
1,1.565384615,1404.5,276
1,1.565384615,1404.5,275
1,1.565384615,1404.5,274
1,1.565384615,1404,273
1,1.565384615,1404,272
1,1.565384615,1404.5,271
1,1.558723404,1404.5,270
1,1.558723404,1404.5,269
1,1.565384615,1404.5,268
1,1.565384615,1405.5,267
1,1.565384615,1404.5,266
1,1.572103004,1405,265
1,1.57887931,1405.5,264
1,1.57887931,1405.5,263
7,8.14,1510,262
1,1.585714286,1405.5,262
7,8.14,1510.5,261
1,1.585714286,1405,261
7,7.963043478,1510.5,260
1,1.592608696,1404.5,260
1,1.592608696,1403.5,259
1,1.592608696,1402.5,258
1,1.599563319,1398,257
1,1.606578947,1396,256
1,1.606578947,1395.5,255
7,7.793617021,1515,254
1,1.606578947,1395.5,254
7,7.963043478,1515,253
1,1.606578947,1395,253
1,1.592608696,1394,252
1,1.585714286,1393,251
1,1.585714286,1391.5,250
1,1.585714286,1390.5,249
7,7.963043478,1516,248
1,1.585714286,1390,248
7,7.963043478,1516,247
1,1.585714286,1388.5,247
7,8.14,1516.5,246
1,1.57887931,1388.5,246
7,8.14,1517,245
1,1.57887931,1388.5,245
7,8.14,1516.5,244
1,1.57887931,1387.5,244
7,8.14,1517.5,243
1,1.57887931,1387,243
7,8.14,1517.5,242
1,1.572103004,1386.5,242
7,8.14,1517.5,241
1,1.572103004,1387,241
7,8.14,1517,240
1,1.565384615,1387.5,240
7,7.963043478,1517.5,239
1,1.558723404,1387,239
7,8.14,1517.5,238
1,1.54556962,1388.5,238
1,1.552118644,1388.5,237
1,1.54556962,1389.5,236
1,1.54556962,1392,235
1,1.552118644,1394.5,234
7,8.518604651,1517.5,233
1,1.558723404,1396,233
7,8.518604651,1518,232
1,1.558723404,1397.5,232
7,8.325,1518,231
1,1.558723404,1397.5,231
7,8.325,1518,230
1,1.558723404,1397,230
7,8.721428571,1518,229
1,1.558723404,1397,229
1,1.558723404,1397,228
1,1.558723404,1397,227
1,1.558723404,1397,226
1,1.565384615,1397.5,225
1,1.565384615,1399,224
1,1.57887931,1402,223
1,1.572103004,1399,222
1,1.572103004,1404.5,221
1,1.558723404,1405.5,220
1,1.565384615,1405.5,219
1,1.572103004,1407.5,218
1,1.57887931,1409,217
1,1.57887931,1409.5,216
1,1.585714286,1412,215
1,1.585714286,1412.5,214
1,1.606578947,1413.5,213
1,1.613656388,1414.5,212
1,1.606578947,1418.5,211
1,1.592608696,1419.5,210
1,1.599563319,1423.5,209
1,1.592608696,1426,208
1,1.592608696,1426,207
1,1.585714286,1428.5,206
7,8.721428571,1527,205
1,1.599563319,1432,205
7,8.721428571,1528,204
1,1.613656388,1432.5,204
7,8.721428571,1528.5,203
1,1.606578947,1435,203
7,8.14,1529.5,202
1,1.606578947,1439,202
1,1.628,1442.5,201
1,1.613656388,1446.5,200
1,1.613656388,1447.5,199
1,1.62079646,1449,198
1,1.62079646,1449,197
1,1.62079646,1450.5,196
1,1.606578947,1451.5,195
1,1.642600897,1453.5,194
1,1.657466063,1456,193
1,1.67260274,1459.5,192
1,1.657466063,1462,191
1,1.752631579,1467.5,190
1,1.727830189,1471,189
1,1.628,1475.5,188
1,1.628,1478.5,187
1,1.635267857,1481.5,186
1,1.62079646,1484,185
1,1.62079646,1487,184
1,1.628,1493,183
1,1.62079646,1495.5,182
1,1.62079646,1499.5,181
1,1.62079646,1501,180
1,1.62079646,1502.5,179
1,1.592608696,1504.5,178
1,1.592608696,1507.5,177
5,11.1,1454.5,176
1,1.606578947,1508.5,176
5,10.77352941,1455.5,175
1,1.62079646,1509.5,175
1,1.613656388,1509.5,174
1,1.606578947,1511,173
5,10.175,1460,172
1,1.585714286,1513,172
5,10.175,1461,171
1,1.57887931,1518.5,171
5,9.639473684,1462,170
1,1.572103004,1524,170
1,1.552118644,1527.5,169
1,1.552118644,1530,168
1,1.558723404,1538.5,167
1,1.565384615,1543,166
1,1.606578947,1547,165
1,1.642600897,1556,164
5,9.639473684,1469.5,163
1,1.665,1560.5,163
5,9.392307692,1469.5,162
1,1.65,1563.5,162
1,1.67260274,1567.5,161
5,9.639473684,1471,160
1,1.657466063,1569,160
5,9.392307692,1471.5,159
1,1.695833333,1572,159
1,1.711682243,1575,158
1,1.688018433,1577.5,157
1,1.67260274,1578.5,156
1,1.727830189,1579.5,155
1,1.711682243,1580,154
1,1.657466063,1580.5,153
1,1.727830189,1583,152
1,1.752631579,1585.5,151
1,1.752631579,1590.5,150
1,1.752631579,1595.5,149
1,1.752631579,1599.5,148
1,1.744285714,1605,147
1,1.727830189,1608,146
1,1.727830189,1610.5,145
1,1.711682243,1614,144
1,1.711682243,1616.5,143
1,1.71971831,1619,142
1,1.727830189,1622,141
1,1.769565217,1627,140
1,1.769565217,1630,139
1,1.769565217,1633.5,138
1,1.77815534,1635.5,137
1,1.795588235,1636,136
1,1.804433498,1637.5,135
1,1.804433498,1639.5,134
1,1.813366337,1641.5,133
1,1.82238806,1644.5,132
1,1.813366337,1647.5,131
1,1.82238806,1651,130
1,1.82238806,1653.5,129
1,1.840703518,1656.5,128
1,1.878461538,1659.5,127
1,1.897927461,1662.5,126
1,1.9078125,1667,125
1,1.917801047,1669.5,124
1,1.917801047,1671,123
1,1.927894737,1670.5,122
1,1.927894737,1672.5,121
1,1.927894737,1675,120
1,1.938095238,1677,119
1,1.948404255,1678.5,118
1,1.958823529,1680,117
1,1.98,1681.5,116
1,1.969354839,1681,115
1,1.969354839,1684,114
1,1.948404255,1684,113
1,1.98,1688,112
1,1.99076087,1690,111
1,1.958823529,1691,110
1,1.969354839,1692,109
1,1.948404255,1694.5,108
1,2.001639344,1699.5,107
1,2.001639344,1701,106
1,2.023756906,1702,105
1,2.001639344,1704.5,104
1,1.99076087,1708,103
1,2.023756906,1709,102
1,2.012637363,1711.5,101
1,1.99076087,1716.5,100
1,1.99076087,1718,99
1,1.958823529,1720,98
1,1.948404255,1719,97
1,1.917801047,1719,96
1,1.917801047,1718,95
1,1.917801047,1719,94
1,1.9078125,1723,93
1,1.88814433,1723,92
1,1.878461538,1727.5,91
1,1.88814433,1730.5,90
1,1.878461538,1732.5,89
1,1.859390863,1734.5,88
1,1.868877551,1738.5,87
1,1.840703518,1741.5,86
1,1.840703518,1745.5,85
1,1.82238806,1747,84
1,1.804433498,1748.5,83
1,1.813366337,1748.5,82
1,1.813366337,1753,81
1,1.804433498,1756.5,80
1,1.8315,1759,79
1,1.85,1762.5,78
1,1.840703518,1762.5,77
1,1.840703518,1763,76
1,1.795588235,1767.5,75
1,1.77815534,1774.5,74
1,1.769565217,1777,73
1,1.752631579,1779.5,72
1,1.711682243,1782.5,71
1,1.70372093,1784,70
1,1.70372093,1785.5,69
1,1.688018433,1789,68
1,1.695833333,1791.5,67
1,1.688018433,1796.5,66
1,1.688018433,1802.5,65
1,1.688018433,1809,64
1,1.680275229,1813.5,63
1,1.665,1818.5,62
1,1.665,1825,61
1,1.680275229,1830,60
1,1.70372093,1832.5,59
1,1.711682243,1831,58
1,1.695833333,1831,57
1,1.67260274,1831,56
1,1.67260274,1833.5,55
1,1.67260274,1838.5,54
1,1.688018433,1843,53
1,1.665,1851,52
1,1.67260274,1855.5,51
1,1.628,1859,50
1,1.62079646,1861.5,49
1,1.613656388,1864,48
1,1.592608696,1866.5,47
1,1.628,1869.5,46
1,1.665,1871.5,45
1,1.680275229,1874,44
1,1.688018433,1876.5,43
1,1.736018957,1878.5,42
1,1.744285714,1880.5,41
1,1.752631579,1881,40
1,1.761057692,1882,39
1,1.727830189,1883,38
1,1.744285714,1883.5,37
1,1.71971831,1883.5,36
1,1.711682243,1884.5,35
1,1.695833333,1884.5,34
1,1.688018433,1886.5,33
1,1.688018433,1886.5,32
1,1.657466063,1888,31
1,1.57887931,1888.5,30
1,1.572103004,1889,29
1,1.585714286,1888,28
1,1.552118644,1887.5,27
1,1.599563319,1886,26
1,1.599563319,1885,25
1,1.606578947,1886,24
1,1.613656388,1883.5,23
1,1.635267857,1884,22
1,1.65,1883.5,21
1,1.65,1882.5,20
1,1.65,1883,19
1,1.62079646,1884,18
1,1.628,1884,17
1,1.628,1883,16
1,1.628,1883,15
1,1.628,1883,14
1,1.613656388,1883.5,13
1,1.628,1883.5,12
1,1.628,1883.5,11
1,1.628,1883.5,10
1,1.642600897,1883.5,9
1,1.635267857,1883.5,8
1,1.635267857,1883.5,7
1,1.635267857,1883.5,6
1,1.642600897,1883.5,5
1,1.628,1883.5,4
1,1.628,1883.5,3
